,Order Number,Customer,Order Date,Date of Order,Purchase Date
0,820,Beatrisa Tarbin,,Wed 26 Oct 2022,
1,746,Anthony Janaszkiewicz,,Mon 24 Oct 2022,
2,92254,Pepe Monelli,24/10/2022,,
3,486951,Sharai Dobey,30/10/2022,,
4,520,Thebault Roycroft,,Wed 26 Oct 2022,
5,8525,Georgeanna Chart,,,24/10/2022
6,1053,Ceciley Aspland,,,29/10/2022
7,88588,Valry Jenken,,,26/10/2022
8,6753,Rasia Sargint,,,26/10/2022
9,847,Alfy Moralas,,Wed 26 Oct 2022,
10,96731,Antonetta Keefe,30/10/2022,,
11,769,Kally Ingerson,,,24/10/2022
12,79050,Harper Cranmor,24/10/2022,,
13,78233,Ty Tordiffe,,,27/10/2022
14,34824,Alfreda Poynser,,,26/10/2022
15,95394,Willdon Cowdroy,,,27/10/2022
16,38523,Abram Pressey,27/10/2022,,
17,7841,Avivah Rousel,,,26/10/2022
18,83743,Bette-ann Coldbreath,26/10/2022,,
19,171,Jillian Baudinelli,,Thu 27 Oct 2022,
20,207816,Illa Serrier,24/10/2022,,
21,1896,Arlette Hubbuck,,,27/10/2022
22,45096,Worthington Roffey,,,26/10/2022
23,281795,Simmonds Kesterton,29/10/2022,,
24,7643,Francene Abberley,,,30/10/2022
25,3389,Fielding Giggie,,,29/10/2022
26,841085,Haskel Mabbe,26/10/2022,,
27,634,Nelli Loosely,,Mon 24 Oct 2022,
28,9864,Reynard Butterwick,,,29/10/2022
29,510,Lanie Brittles,,Sun 30 Oct 2022,
30,6835,Arlene Steere,,Thu 27 Oct 2022,
31,45254,Raul Harrington,,,29/10/2022
32,608,Tabina Ludovico,,Wed 26 Oct 2022,
33,36901,Clywd Houlaghan,,,25/10/2022
34,9586,Wells Bowmen,,Tue 25 Oct 2022,
35,8931,Juliet Taynton,,,24/10/2022
36,608,Trumaine Reith,,Fri 28 Oct 2022,
37,354564,Hakeem Droghan,25/10/2022,,
38,5573,Merrilee Purdy,,,24/10/2022
39,789,Lancelot Beeching,,Mon 24 Oct 2022,
40,885,Harley Rodnight,,Sat 29 Oct 2022,
41,79936,Reuven Hlavac,30/10/2022,,
42,30994,Addi Farreil,,,30/10/2022
43,77891,Gwenni Sweeny,,,30/10/2022
44,80540,Pattin Eschelle,,,28/10/2022
45,83044,Deborah Oakly,27/10/2022,,
46,6712,Brittne Mongan,,,29/10/2022
47,19408,Estell Moubray,,,29/10/2022
48,177252,Lenora Autry,27/10/2022,,
49,815,Ava Davern,,Thu 27 Oct 2022,
50,56874,Didi Daily,30/10/2022,,
51,95036,Elysha Seabrocke,24/10/2022,,
52,75837,Erhard Henzer,28/10/2022,,
53,8552,Mirabelle Probetts,,Sun 30 Oct 2022,
54,9080,Jamison Burgh,,,25/10/2022
55,6743,Bobina Sebert,,,30/10/2022
56,6783,Stearne Arnholtz,,Fri 28 Oct 2022,
57,4909,Kesley Bielfeld,25/10/2022,,
58,633,Eduard Henrot,,Tue 25 Oct 2022,
59,82056,Betsey Blindmann,,,25/10/2022
60,9644,Flor Kearn,,,30/10/2022
61,2385,Toma Auger,,,24/10/2022
62,2764,Edvard Breukelman,,,29/10/2022
63,64255,Yoshi Stanton,,,25/10/2022
64,15542,Jill O'Doireidh,27/10/2022,,
65,670,Marja O'Docherty,,,30/10/2022
66,827,Victor Pietsma,,Mon 24 Oct 2022,
67,227,Mureil MacSherry,,Fri 28 Oct 2022,
68,446,Lurline Riggott,,Wed 26 Oct 2022,
69,962,Sterling Ozintsev,,Thu 27 Oct 2022,
70,333,Forrest Loche,,Fri 28 Oct 2022,
71,9553,Inglis Baddeley,,,28/10/2022
72,6772,Ashlen Feasby,,,28/10/2022
73,88883,Alisander Dudhill,29/10/2022,,
74,934910,Cori Whitehorn,30/10/2022,,
75,48892,Hyacinthe Bedminster,28/10/2022,,
76,21887,Julina Gecke,,,28/10/2022
77,5320,Aura Blueman,,Thu 27 Oct 2022,
78,253962,Ofella Telford,24/10/2022,,
79,3033,Krystalle Stokell,,,25/10/2022
80,69672,Merle Grogono,,,26/10/2022
81,546,Angelle Durante,,Fri 28 Oct 2022,
82,462792,Phip Alpin,28/10/2022,,
83,5838,Patsy Abrahm,,Thu 27 Oct 2022,
84,6347,Lucas Quirke,,,29/10/2022
85,408,Demetra Cotton,,Tue 25 Oct 2022,
86,20041,Filide Barbour,30/10/2022,,
87,56360,Nata Oliveira,30/10/2022,,
88,30,Kristel Northover,,Thu 27 Oct 2022,
89,253027,Joseito O'Bee,26/10/2022,,
90,339338,Tallulah Markos,28/10/2022,,
91,28059,Linc Dawtrey,24/10/2022,,
92,51166,Inna Bisiker,,,30/10/2022
93,26560,Antonella Grieve,24/10/2022,,
94,3707,Maximo Middle,,Sun 30 Oct 2022,
95,8639,Miner Duerden,,,29/10/2022
96,9576,Mireille Bracken,,,24/10/2022
97,74651,Kali Scemp,,,25/10/2022
98,810,Bard Wickens,,Thu 27 Oct 2022,
99,3646,Dougie Morey,,,30/10/2022
100,93558,Lay Manhood,,,26/10/2022
101,6086,Giustino Robbert,,Tue 25 Oct 2022,
102,4892,Wainwright Shawyer,,,30/10/2022
103,27574,Van Matuszewski,25/10/2022,,
104,41988,Ingrid Sieve,,,29/10/2022
105,79242,Martina Yakunin,25/10/2022,,
106,490,Christos Newson,,Wed 26 Oct 2022,
107,472006,Hobey Patchett,29/10/2022,,
108,80642,Dalila Renton,26/10/2022,,
109,37630,William Click,27/10/2022,,
110,320,Tracey MacNamee,,Sun 30 Oct 2022,
111,32921,May Hariot,30/10/2022,,
112,98899,Antonella Olligan,,,26/10/2022
113,670,Glenine Livock,,Mon 24 Oct 2022,
114,64028,Bradly O'Fihily,,,29/10/2022
115,5290,Ferdinanda Brisker,,Mon 24 Oct 2022,
116,7015,Trude Beiderbecke,,,27/10/2022
117,3342,Sari Corker,,Thu 27 Oct 2022,
118,2878,Wilhelm Duddin,29/10/2022,,
119,2480,Dall Pavel,,,29/10/2022
120,8919,Marthena Hinrich,,,27/10/2022
121,67790,Norina Lipscombe,,,28/10/2022
122,51853,Kania Breddy,,,30/10/2022
123,669939,Shelagh Cadle,29/10/2022,,
124,983,Avram Robottom,,Wed 26 Oct 2022,
125,892228,Kimberly Tie,30/10/2022,,
126,1526,Rosco Hebdon,,,25/10/2022
127,228,Delano McLarens,,,29/10/2022
128,35740,Brandie Haith,,,26/10/2022
129,57671,Vina Whight,,,27/10/2022
130,53219,Harmony Whyke,29/10/2022,,
131,9603,Savina Rowlands,,,30/10/2022
132,63910,Pasquale Napoleon,,,24/10/2022
133,497,Sapphira Boothebie,,,27/10/2022
134,790,Ulrike Barkes,,Fri 28 Oct 2022,
135,556,Adele Gladwish,,Wed 26 Oct 2022,
136,23521,Hadlee Agerskow,,,29/10/2022
137,61887,Pattin Livick,29/10/2022,,
138,57328,Rowen Widdowes,29/10/2022,,
139,6021,Ginnifer Sudran,,Fri 28 Oct 2022,
140,566,Anallise Eyckelberg,,Thu 27 Oct 2022,
141,57543,Calvin Dulany,30/10/2022,,
142,86775,Cahra Ratley,29/10/2022,,
143,92715,Lanny D'Antoni,27/10/2022,,
144,8989,Magda Middlebrook,,,28/10/2022
145,99942,Ofelia Balmann,30/10/2022,,
146,26661,Gwynne Klimontovich,,,25/10/2022
147,764,Chariot Gammidge,,Thu 27 Oct 2022,
148,47751,Penrod Skipping,,,25/10/2022
149,81568,Iago Wakes,26/10/2022,,
150,98176,Wilburt Brisseau,,,29/10/2022
151,5032,Nickola Majury,,,28/10/2022
152,272618,Rois Egel,29/10/2022,,
153,98309,Angeli Kretchmer,,,26/10/2022
154,9460,Joy Bayly,,,24/10/2022
155,554,Carmel Berrisford,,Fri 28 Oct 2022,
156,2311,Brittni Aps,,,28/10/2022
157,54125,York Checcucci,,,29/10/2022
158,73,Ailbert Arlow,,Sat 29 Oct 2022,
159,666,Estrellita Latour,,Sun 30 Oct 2022,
160,1743,Barb Auchterlonie,,,24/10/2022
161,9818,Ninon Rutledge,,,30/10/2022
162,409,Trever Filson,,,24/10/2022
163,440,Peggy Denyukhin,,Tue 25 Oct 2022,
164,16,Ive McFarlan,,Tue 25 Oct 2022,
165,26256,Archibald Light,27/10/2022,,
166,64375,Myer McLellan,,,28/10/2022
167,20191,Olenolin Minifie,,,25/10/2022
168,299,Davey Murton,,Tue 25 Oct 2022,
169,17,Berri Heinish,,Tue 25 Oct 2022,
170,799767,Ryun Ellor,27/10/2022,,
171,809633,Serena Gomersal,28/10/2022,,
172,74044,Silvan Carrabot,30/10/2022,,
173,947344,Susette Banthorpe,25/10/2022,,
174,5295,Risa Tarn,,Mon 24 Oct 2022,
175,58452,Barnaby Fripps,,,24/10/2022
176,98018,Janey Najera,24/10/2022,,
177,4483,Aleksandr Ingamells,,,29/10/2022
178,3318,Geri Tripett,,Mon 24 Oct 2022,
179,530,Gracia Keitley,,Mon 24 Oct 2022,
180,310,Lyndell Holdey,,Sun 30 Oct 2022,
181,6979,Finlay Bownes,,Sun 30 Oct 2022,
182,3350,Melly Bointon,,Thu 27 Oct 2022,
183,9959,Kleon Gladdolph,,Tue 25 Oct 2022,
184,375,Torrin Surgison,,Thu 27 Oct 2022,
185,3334,Arvy Clerk,,,28/10/2022
186,9436,Steven Granville,,,26/10/2022
187,50681,Dougie Rheubottom,,,29/10/2022
188,270,Rikki Oughton,,Mon 24 Oct 2022,
189,979,Casey Rainon,,Sun 30 Oct 2022,
190,684761,Benedetta Swett,27/10/2022,,
191,885,Ruy Carson,,Wed 26 Oct 2022,
192,92624,Bogart Ferrarello,27/10/2022,,
193,657,Danna Bottomer,,Sun 30 Oct 2022,
194,6254,Delmore Catling,,,25/10/2022
195,885,Waldon Halwell,,Thu 27 Oct 2022,
196,72256,Di Haylor,30/10/2022,,
197,84483,Vivian Revens,,,24/10/2022
198,45328,Chloe O'Neary,30/10/2022,,
199,68537,Kylen Birnie,,,24/10/2022
200,7108,Antonius Delnevo,,Wed 26 Oct 2022,
201,4839,Gaultiero Heritege,,,24/10/2022
202,897,Nickie Pittson,,Sun 30 Oct 2022,
203,1686,Dougie Stonebridge,,Mon 24 Oct 2022,
204,47797,Waly Campanelli,30/10/2022,,
205,9623,Allix Dallender,,,29/10/2022
206,2609,Patin Minshall,,Fri 28 Oct 2022,
207,878,Annelise Overal,,Thu 27 Oct 2022,
208,7469,Lorne Eden,,,28/10/2022
209,9032,Garrick Chitty,,,28/10/2022
210,7574,Adriano Roskelly,,,29/10/2022
211,18216,Hoyt Johansen,30/10/2022,,
212,2900,Basia Elders,,,30/10/2022
213,8876,Nessy Butte,,,27/10/2022
214,342478,Dore Kasperski,27/10/2022,,
215,346,Dela Rudyard,,Fri 28 Oct 2022,
216,556,Haley Kybbye,,Wed 26 Oct 2022,
217,9294,Reinhard Leverson,,Fri 28 Oct 2022,
218,640,Maudie Highwood,,Fri 28 Oct 2022,
219,39797,Derrik Barter,24/10/2022,,
220,64064,Sheridan Verdie,29/10/2022,,
221,26085,Jillene Tindall,,,27/10/2022
222,8309,Kyle Eadmeads,,Mon 24 Oct 2022,
223,982,Dina Cinderey,,Sun 30 Oct 2022,
224,90909,Robby Clavering,27/10/2022,,
225,134,Creigh Heake,,Sat 29 Oct 2022,
226,6383,Otis Oley,,Thu 27 Oct 2022,
227,35495,Jandy Iacobo,25/10/2022,,
228,46185,Maynord Rizzello,27/10/2022,,
229,164,Marian Brombell,,Thu 27 Oct 2022,
230,6235,Risa Pirdue,,,29/10/2022
231,49897,Matilda Stove,,,24/10/2022
232,213,Ninon Pursehouse,,Mon 24 Oct 2022,
233,4068,Katinka Southwood,,,26/10/2022
234,105,Stace Irnis,,Sat 29 Oct 2022,
235,38535,Joey Vanetti,,,24/10/2022
236,6305,Haven Reubbens,30/10/2022,,
237,2304,Heda Lunbech,,Thu 27 Oct 2022,
238,4777,Nanon Merkle,,,29/10/2022
239,21345,Catrina Domingues,28/10/2022,,
240,48455,Brook Local,,,27/10/2022
241,50491,Lorena Bysshe,,,25/10/2022
242,3052,Raddie Parsisson,,,28/10/2022
243,63137,Abba Morgan,27/10/2022,,
244,9613,Sandy McLane,,,26/10/2022
245,62888,Shay Karpfen,24/10/2022,,
246,47290,Fletch Marchington,29/10/2022,,
247,818,Coretta MacDearmont,,Fri 28 Oct 2022,
248,6035,Demetris Sutherby,,,25/10/2022
249,740076,Caroline Morilla,25/10/2022,,
250,70259,Rawley Sherr,,,27/10/2022
251,6129,Jose Pinch,,,29/10/2022
252,398339,Valle Bohman,30/10/2022,,
253,4560,Gena Caramuscia,,Sun 30 Oct 2022,
254,1288,Marney Swinglehurst,,,29/10/2022
255,9168,Cooper Humpherston,,,25/10/2022
256,81002,Madlin MacDonagh,,,26/10/2022
257,822901,Jackie Eccleston,29/10/2022,,
258,27980,Marquita Mussington,24/10/2022,,
259,2922,Willem Cowtherd,,,30/10/2022
260,660,Adria Beel,,Sat 29 Oct 2022,
261,884,Philip Wason,,Sat 29 Oct 2022,
262,90735,Juliette Cleiment,25/10/2022,,
263,80075,Gae Tremmil,,,30/10/2022
264,12,Moses Larne,,Sun 30 Oct 2022,
265,5077,Scot Breslau,,,27/10/2022
266,6598,Grantham Tabary,,,27/10/2022
267,8405,Julianne Marns,,,26/10/2022
268,5220,Joan Ovitz,,,26/10/2022
269,76252,Kimmie Skilton,,,28/10/2022
270,73750,Nanon Girardetti,30/10/2022,,
271,85242,Vinni Burchill,24/10/2022,,
272,43937,Britt Fraanchyonok,24/10/2022,,
273,8423,Ailyn Budgett,,,26/10/2022
274,76528,Park Albiston,,,28/10/2022
275,772,Olvan Vallender,,Sun 30 Oct 2022,
276,209859,Abba Tynemouth,29/10/2022,,
277,701,Merrie Bosley,,Wed 26 Oct 2022,
278,6325,Emmalynne Barke,,,26/10/2022
279,5178,Susann Rickertsen,,,30/10/2022
280,5355,Rusty Hastings,,,27/10/2022
281,44,Daniele Huxster,,Sat 29 Oct 2022,
282,67727,Arther Gouch,26/10/2022,,
283,424541,Hillary Terzi,24/10/2022,,
284,33479,Jenny Dobbings,28/10/2022,,
285,893496,Hilde Kohnen,24/10/2022,,
286,8419,Jackie Munroe,,Sun 30 Oct 2022,
287,360907,Darsie Jinkin,28/10/2022,,
288,47071,Isac Buyers,29/10/2022,,
289,74369,Allyson Cone,29/10/2022,,
290,319,Carine Wickersley,,Mon 24 Oct 2022,
291,92998,Olivero Talby,25/10/2022,,
292,491,Dyane Lensch,,Tue 25 Oct 2022,
293,35749,Wally Botterell,,,27/10/2022
294,62182,Cull Bartoli,,,27/10/2022
295,54490,Lucia Strattan,25/10/2022,,
296,174597,Everard Easterbrook,25/10/2022,,
297,45444,Danita Carmel,29/10/2022,,
298,93179,Terrijo Enticott,,,26/10/2022
299,68009,Alia Jude,30/10/2022,,
300,6912,Thurstan Valentelli,,Sun 30 Oct 2022,
301,55199,Grethel Klimentov,25/10/2022,,
302,492,Carry Crampin,,Tue 25 Oct 2022,
303,3412,Marta Welden,,Sat 29 Oct 2022,
304,9440,Hilly Kerbler,,Fri 28 Oct 2022,
305,3979,Othelia Whatham,,,27/10/2022
306,392,Corny Karlolczak,,Sun 30 Oct 2022,
307,446119,Loydie Rawlingson,30/10/2022,,
308,4228,Bart Dies,,,29/10/2022
309,2910,Amitie Winwood,24/10/2022,,
310,209,Terri Spencer,,Thu 27 Oct 2022,
311,73966,Conrado Ansett,,,25/10/2022
312,77471,Haroun Yarnley,27/10/2022,,
313,520795,Carmine Marritt,30/10/2022,,
314,993807,Greg Brockman,28/10/2022,,
315,860705,Billi Jandak,24/10/2022,,
316,960,Anne Norres,,Tue 25 Oct 2022,
317,28096,Fedora Kellen,30/10/2022,,
318,1143,Harmonia Fritschmann,,,29/10/2022
319,97568,Lavena Handscombe,24/10/2022,,
320,95838,Buffy Sadry,,,24/10/2022
321,39887,Lilly Mazin,26/10/2022,,
322,7539,Winston Conti,,Mon 24 Oct 2022,
323,46981,Julius Ambrois,27/10/2022,,
324,846,Malory Pavolini,,Fri 28 Oct 2022,
325,7469,Elihu Gasnoll,,,26/10/2022
326,4624,Rooney Bezzant,,,28/10/2022
327,401,Elfrida Callicott,,,24/10/2022
328,993903,Martyn Traise,26/10/2022,,
329,91622,Randy Chatelet,29/10/2022,,
330,475998,Edgar Muggleton,28/10/2022,,
331,3664,Brittany Klain,,,29/10/2022
332,68394,Foss Smith,26/10/2022,,
333,50607,Dorise Ferencowicz,30/10/2022,,
334,1497,Jakie Deek,,,29/10/2022
335,24923,Lyell Pester,28/10/2022,,
336,2852,Pincus Servis,,,29/10/2022
337,9068,Corrianne Adney,,,26/10/2022
338,27809,Elmira Gethin,,,24/10/2022
339,2239,Hillary Keppe,,,26/10/2022
340,95367,Corrinne Moncrefe,,,29/10/2022
341,52926,Zsazsa Francesc,,,26/10/2022
342,46147,Andres Jantot,,,24/10/2022
343,3948,Reinald Rattenberie,24/10/2022,,
344,950,Lindsay Harryman,,Sat 29 Oct 2022,
345,289,Danya Dandy,,Mon 24 Oct 2022,
346,312,Kass Sander,,Fri 28 Oct 2022,
347,4109,Eugenius Riply,,Thu 27 Oct 2022,
348,746750,Chester Byk,25/10/2022,,
349,22003,Brett McCaughen,27/10/2022,,
350,502,Bonni Omrod,,Sat 29 Oct 2022,
351,604471,Natty Rosendall,28/10/2022,,
352,34983,Emelina Meugens,24/10/2022,,
353,25461,Byrom Vlasin,,,29/10/2022
354,772,Quentin Pott,,Sat 29 Oct 2022,
355,920,Sandy Bonniface,,Mon 24 Oct 2022,
356,88858,Cristie Arnett,30/10/2022,,
357,833866,Daffy Scates,28/10/2022,,
358,62159,Ronni Schall,,,27/10/2022
359,697,Booth Leechman,,Sat 29 Oct 2022,
360,9852,Curry Sudell,,,24/10/2022
361,12726,Kristofer Somers,,,29/10/2022
362,226,Ansel Lombardo,,Mon 24 Oct 2022,
363,79102,Ruby Neely,28/10/2022,,
364,509,Misti Powell,,Sun 30 Oct 2022,
365,9060,Rafaelita Murie,,Fri 28 Oct 2022,
366,5851,Doro Snell,,,29/10/2022
367,29470,Anatole Danniel,,,28/10/2022
368,3637,Mohandas Boldecke,,,28/10/2022
369,56917,Saree Bellwood,,,29/10/2022
370,2001,Melba Milberry,,,30/10/2022
371,469458,Genevieve Guiton,29/10/2022,,
372,846669,Rafaela Scare,26/10/2022,,
373,46406,Joleen Fitton,24/10/2022,,
374,3869,Algernon Baudon,,,24/10/2022
375,886,Linn Hovington,,Fri 28 Oct 2022,
376,55878,Solomon Tammadge,29/10/2022,,
377,3098,Charla Woodier,,,26/10/2022
378,40325,Brandon Garlant,29/10/2022,,
379,142,Paige Accomb,,Wed 26 Oct 2022,
380,849898,Olympie Duesbury,29/10/2022,,
381,33248,Ali Gergus,27/10/2022,,
382,38218,Aurilia Priddis,,,24/10/2022
383,13338,Rob Simone,,,29/10/2022
384,53903,Carolann Wiltshaw,28/10/2022,,
385,43876,Melisandra Warrior,,,27/10/2022
386,1902,Reggis Plewes,,,29/10/2022
387,687,Seumas Mourant,,,25/10/2022
388,6022,Abbey Topling,30/10/2022,,
389,314,Mellisa Bodill,,Sat 29 Oct 2022,
390,5560,Keene Dagleas,,,25/10/2022
391,83619,Spense Tesche,,,27/10/2022
392,176,Deedee Salway,,Wed 26 Oct 2022,
393,68059,Essy Gaymar,,,24/10/2022
394,451,Joaquin Muirden,,Wed 26 Oct 2022,
395,593,Quintana MacCallum,,Tue 25 Oct 2022,
396,87375,Udall Subhan,30/10/2022,,
397,513,Edmon Samsin,,Tue 25 Oct 2022,
398,9774,Ysabel Austin,,Mon 24 Oct 2022,
399,736,Brock O'Rourke,,Tue 25 Oct 2022,
400,824,Tanny Riglesford,,Fri 28 Oct 2022,
401,844593,Reuben Wardesworth,26/10/2022,,
402,54164,Bo Bonhomme,,,26/10/2022
403,862,Trudie Ference,,Sat 29 Oct 2022,
404,261,Ruttger Rothert,,Mon 24 Oct 2022,
405,95079,Aileen Gemelli,29/10/2022,,
406,713364,Wynne Geldart,26/10/2022,,
407,191,Willy Slingsby,,Sun 30 Oct 2022,
408,260447,Kirstin Tremayne,25/10/2022,,
409,930,Kearney McAughtrie,,Sun 30 Oct 2022,
410,9414,Jacquenette Dodds,,Tue 25 Oct 2022,
411,2735,Odetta Damrell,,,27/10/2022
412,20892,Carlen Ivankov,,,25/10/2022
413,52561,Harper McArd,,,24/10/2022
414,117,Sheryl South,,Sun 30 Oct 2022,
415,905375,Brittne Waud,29/10/2022,,
416,8184,Danell Warrillow,,Sat 29 Oct 2022,
417,639,Liane Wringe,,Fri 28 Oct 2022,
418,298,Lindi Simkiss,,Thu 27 Oct 2022,
419,98424,Robbie Goodere,27/10/2022,,
420,5683,Cordelia Forster,,,25/10/2022
421,623,Aharon Huxster,,Fri 28 Oct 2022,
422,4268,Sylvan Trevino,,Tue 25 Oct 2022,
423,863,Karney Basketfield,,Fri 28 Oct 2022,
424,55,Zelda Bernaert,,Sat 29 Oct 2022,
425,65923,Tanhya Terrelly,25/10/2022,,
426,355,Winonah Ledingham,,Sat 29 Oct 2022,
427,38637,Bernete Westbrook,29/10/2022,,
428,43004,Juliann Tompion,25/10/2022,,
429,70974,Maryjo Gelland,28/10/2022,,
430,226,Rozele Hune,,,27/10/2022
431,97744,Darcie Gherardelli,,,27/10/2022
432,11402,Fayth Veschambes,,,28/10/2022
433,224809,Myron Goodhay,29/10/2022,,
434,4448,Trixy Selborne,,Mon 24 Oct 2022,
435,5609,Dorella Tilbey,,,24/10/2022
436,89175,Kerrill Quigg,28/10/2022,,
437,13592,Edmund Bristow,24/10/2022,,
438,684768,Arlyne Brownfield,27/10/2022,,
439,5286,Gabriell Littlemore,,,25/10/2022
440,42024,Leilah Schimaschke,,,26/10/2022
441,711,Hart Gooderick,,Fri 28 Oct 2022,
442,11923,Vale Train,26/10/2022,,
443,218353,Olivero Betancourt,24/10/2022,,
444,62191,Sidnee Jinks,29/10/2022,,
445,24267,Quinta Whitby,,,26/10/2022
446,96885,Berri McGinlay,,,26/10/2022
447,75423,Miles Culvey,,,27/10/2022
448,4383,Shaun Chaffyn,,,30/10/2022
449,183,Konrad O'Fihily,,Sun 30 Oct 2022,
450,1219,Grover Probbin,24/10/2022,,
451,63301,Miguelita Grimsdyke,25/10/2022,,
452,15368,Wini Aloshechkin,25/10/2022,,
453,6057,Lorain Rachuig,,,25/10/2022
454,740,Lammond Liggett,,Sun 30 Oct 2022,
455,70075,Korie Targe,,,28/10/2022
456,86487,Nara Stoneham,,,26/10/2022
457,58098,Shea Ferencowicz,26/10/2022,,
458,103624,Krissy Eicke,25/10/2022,,
459,517,Charlton McGaughey,,Fri 28 Oct 2022,
460,782,Bartlet Moreno,,Sun 30 Oct 2022,
461,3711,Cindee Warde,,Tue 25 Oct 2022,
462,30610,Amelia Carrel,,,27/10/2022
463,58084,Benson Cookley,29/10/2022,,
464,23736,Josias Kenningham,,,26/10/2022
465,8100,Burty Pollock,,,30/10/2022
466,49423,Jessica Rawet,30/10/2022,,
467,53840,Miner Sponder,,,28/10/2022
468,9068,Valerie Callard,,Thu 27 Oct 2022,
469,859198,Gertruda Lindwasser,26/10/2022,,
470,764,Rochella Gowenlock,,Sun 30 Oct 2022,
471,66935,Karim Janaud,27/10/2022,,
472,9159,Cristie Dyers,,,25/10/2022
473,2169,Padraig Driffield,,Fri 28 Oct 2022,
474,6644,Ulrika Bowshire,,,26/10/2022
475,6663,Orran Daish,,,30/10/2022
476,4420,Udale Wessing,,Wed 26 Oct 2022,
477,8901,Shaylah Dohms,,,25/10/2022
478,79031,King Dubery,24/10/2022,,
479,3907,Feodor Swetmore,,,25/10/2022
480,422,Audrey Sheirlaw,,Mon 24 Oct 2022,
481,7265,Johannah McPhelim,,,28/10/2022
482,260891,Mersey Wartonby,26/10/2022,,
483,54725,Marielle Cattroll,24/10/2022,,
484,27992,Jewel Baalham,,,27/10/2022
485,176,Ofella Sarge,,Tue 25 Oct 2022,
486,15837,Celie Fish,24/10/2022,,
487,4514,Margit Waddup,,,26/10/2022
488,38413,Wendie Labbati,,,30/10/2022
489,44050,Chrissy Eddins,,,26/10/2022
490,2469,Woodman Wibrew,,Fri 28 Oct 2022,
491,146,Granthem Folbig,29/10/2022,,
492,890,Willetta Seiler,,Fri 28 Oct 2022,
493,26959,Neila Killbey,30/10/2022,,
494,690,Nicolis Cason,,Wed 26 Oct 2022,
495,48681,Lazar Rubinowitch,,,24/10/2022
496,4816,Rennie Lynch,,,25/10/2022
497,21586,Alyce Worgen,,,26/10/2022
498,216,Emyle Coatsworth,,Wed 26 Oct 2022,
499,5302,Conway Sushams,,,24/10/2022
500,5119,Stephannie Riedel,,Wed 26 Oct 2022,
501,4401,Hugibert Keijser,,Sun 30 Oct 2022,
502,32125,Bessie Heatherington,,,30/10/2022
503,491267,Abigael Luc,24/10/2022,,
504,4904,Cherye Meek,,,27/10/2022
505,521502,Arabella Loxdale,28/10/2022,,
506,171,Miguel Cristea,,Wed 26 Oct 2022,
507,783221,Tiler Mulvenna,29/10/2022,,
508,7040,Hurley Campos,,,27/10/2022
509,28049,Dukie Kiddy,26/10/2022,,
510,27739,Cacilie Grigorini,,,27/10/2022
511,894,Kathe Grimley,,Sun 30 Oct 2022,
512,1023,Shawnee Tiddy,27/10/2022,,
513,882605,Raine Hankard,25/10/2022,,
514,51602,Ric Tankus,,,29/10/2022
515,985,Karoly Stone,,Sun 30 Oct 2022,
516,91144,Remington Richardon,25/10/2022,,
517,23787,Joice Mark,,,28/10/2022
518,39680,Myrtie Janko,25/10/2022,,
519,78302,Curran Wasiel,,,24/10/2022
520,76817,Jan Hellwing,,,25/10/2022
521,26902,Deeanne Padgett,,,24/10/2022
522,55679,Quent Gaywood,30/10/2022,,
523,908,Farah Schofield,,Sat 29 Oct 2022,
524,5091,Barnebas Killingworth,,,24/10/2022
525,53627,Ola Anfossi,,,28/10/2022
526,2582,Jillene Swannack,,,26/10/2022
527,13904,Verine McGing,,,24/10/2022
528,339980,Sigismund Marcham,25/10/2022,,
529,981,Dawna Galland,,Sun 30 Oct 2022,
530,80663,Robin Skyner,24/10/2022,,
531,8209,Stanfield Kersey,29/10/2022,,
532,220,Loraine Gullen,,Tue 25 Oct 2022,
533,31406,Nadia January,29/10/2022,,
534,6208,Ferguson Chapellow,,,24/10/2022
535,1395,Toby Fernie,,,28/10/2022
536,2642,Godfree Haddow,,,28/10/2022
537,505,Giacopo Igglesden,,Mon 24 Oct 2022,
538,7902,Celka Bynold,,Fri 28 Oct 2022,
539,44875,Mada Vlasyev,27/10/2022,,
540,801644,Phillipe Way,24/10/2022,,
541,905912,Godart Rodear,25/10/2022,,
542,940,Travers Calendar,,Mon 24 Oct 2022,
543,686276,Stanley Ritchings,28/10/2022,,
544,659,Brooks Gainsborough,,Fri 28 Oct 2022,
545,38361,Lillis Leivesley,29/10/2022,,
546,9196,Selby Marchant,,,29/10/2022
547,12456,Haywood Sargeaunt,,,25/10/2022
548,197,Richy Hymas,,Fri 28 Oct 2022,
549,7726,Wolf Wrigglesworth,,,25/10/2022
550,7624,Feodor Mobley,,Sat 29 Oct 2022,
551,4101,Marcile Jeavon,,Sat 29 Oct 2022,
552,980521,Velma Vaulkhard,25/10/2022,,
553,3931,Loraine Cod,,Wed 26 Oct 2022,
554,452,Carlina Palffy,,Mon 24 Oct 2022,
555,415,Trudy Sainsbury,,Thu 27 Oct 2022,
556,621659,Haskel Pedrazzi,30/10/2022,,
557,96269,Ashia Mulmuray,26/10/2022,,
558,40705,Rachele Campbell-Dunlop,,,29/10/2022
559,49541,Janine Branson,,,30/10/2022
560,951,Evelin Thomkins,,Mon 24 Oct 2022,
561,8719,Roderick Moggan,,,24/10/2022
562,78019,Ursola Lissemore,,,27/10/2022
563,40008,Jeanie Parysiak,,,25/10/2022
564,5642,Ursa Wilcock,,,27/10/2022
565,533,Kiah Gerard,,Tue 25 Oct 2022,
566,4916,Colette Danielian,,,27/10/2022
567,5475,Barnaby Grishmanov,,,28/10/2022
568,50951,Casi Soanes,,,29/10/2022
569,78789,Clo Prinett,,,26/10/2022
570,54057,Cross Mattaus,,,26/10/2022
571,85691,Stefa Busk,,,26/10/2022
572,543337,Ardine Sumner,29/10/2022,,
573,573227,Doretta Ryburn,27/10/2022,,
574,73821,Ola Skrzynski,24/10/2022,,
575,5427,Gerik Mitton,,Thu 27 Oct 2022,
576,83886,Etienne Effemy,27/10/2022,,
577,72133,Muffin Mansel,25/10/2022,,
578,89013,Ripley Koopman,,,24/10/2022
579,13284,Sayers Broose,,,26/10/2022
580,3386,Janetta Bennett,,,28/10/2022
581,101100,Barrie Santore,30/10/2022,,
582,49841,Carlyle Bird,29/10/2022,,
583,49706,Ham Allen,,,26/10/2022
584,15487,Willie Baden,27/10/2022,,
585,455,Marilin Hambly,,Sun 30 Oct 2022,
586,5853,Aldon Sichardt,,,28/10/2022
587,2940,Salim Guilloton,,Mon 24 Oct 2022,
588,45805,Odey Magauran,30/10/2022,,
589,20733,Fredra Swinnard,30/10/2022,,
590,9117,Werner Beccero,,,25/10/2022
591,67350,Glory Prebble,,,29/10/2022
592,563878,Philomena Spadaro,26/10/2022,,
593,71588,Randie Shuter,28/10/2022,,
594,9205,Wainwright Belham,,,24/10/2022
595,720321,Suki Quadling,24/10/2022,,
596,7555,Alonso Blaskett,,,25/10/2022
597,53692,Vonni Saket,27/10/2022,,
598,2115,Freida Gregan,,,26/10/2022
599,4283,Venita Minter,,Thu 27 Oct 2022,
600,433,Wyn Anfrey,,Tue 25 Oct 2022,
601,76614,Jeannette Frantz,,,25/10/2022
602,330,Alfy Carass,,Mon 24 Oct 2022,
603,664,Ilaire Massei,,Sat 29 Oct 2022,
604,97510,Reba Varley,,,30/10/2022
605,9036,Abigael Kalaher,,,25/10/2022
606,67059,Arvy Bowlas,,,30/10/2022
607,5289,Beverley Genney,,Sun 30 Oct 2022,
608,35771,Scarlet Cheeke,,,28/10/2022
609,8619,Michele Pauling,,,28/10/2022
610,290,Vasili Billson,,Sun 30 Oct 2022,
611,973,Dario Bagger,,Wed 26 Oct 2022,
612,732,Ellery Gaymer,,Fri 28 Oct 2022,
613,523620,Howard Dumbarton,29/10/2022,,
614,1643,Alisa Lusgdin,,,26/10/2022
615,5105,Elinor Cockson,,,27/10/2022
616,1708,Danny Snelgar,,,27/10/2022
617,3819,Samaria Striker,,,25/10/2022
618,22505,Arvie Grenville,,,30/10/2022
619,54546,Mill Hattam,28/10/2022,,
620,5099,Mona Carey,,,29/10/2022
621,4421,Phillipe Shugg,,Fri 28 Oct 2022,
622,886,Obadiah Spellward,,Mon 24 Oct 2022,
623,6852,Giffy Geffen,,Mon 24 Oct 2022,
624,22119,Waly Caff,29/10/2022,,
625,41,Mala Myrkus,,Sun 30 Oct 2022,
626,83420,Rem Talton,25/10/2022,,
627,30088,Tomlin Danzelman,,,28/10/2022
628,29530,Briant Biasi,24/10/2022,,
629,57400,Renado Shane,,,29/10/2022
630,1602,Heloise Goadsby,,,24/10/2022
631,1597,Chadd Donaho,,Mon 24 Oct 2022,
632,95686,Ignaz Carefull,30/10/2022,,
633,1086,Lizette Abdy,,,30/10/2022
634,89536,Brynn Plester,,,26/10/2022
635,43902,Nickolaus Patrone,,,26/10/2022
636,79492,Spence Craigg,,,24/10/2022
637,2853,Tymon Duke,,,28/10/2022
638,137876,Suzie Kippins,25/10/2022,,
639,95950,Bernie Yarnold,,,24/10/2022
640,26744,Corrinne Reyne,,,27/10/2022
641,243,Edgard Sagerson,,Thu 27 Oct 2022,
642,8954,Ninette Insall,,,26/10/2022
643,5231,Iolande Sebley,,,25/10/2022
644,4469,Keenan Smeall,,Sat 29 Oct 2022,
645,28115,Rosalind Lowy,26/10/2022,,
646,227,Flory Sherratt,,Thu 27 Oct 2022,
647,45076,Pippy Scahill,28/10/2022,,
648,120307,Raina Fairlie,26/10/2022,,
649,9215,Drucy Acomb,29/10/2022,,
650,878,Pauly MacCaig,,,30/10/2022
651,15406,Frasco Yateman,,,24/10/2022
652,4179,Kailey Llewellyn,26/10/2022,,
653,1378,Raynor Turfus,,,24/10/2022
654,806,Brittan Petegree,,Sat 29 Oct 2022,
655,33746,Bernette Girard,26/10/2022,,
656,37867,Flory Whate,,,26/10/2022
657,55397,Wynn Pickerill,30/10/2022,,
658,943,Giffer Lodovichi,,Wed 26 Oct 2022,
659,7523,Adelaide Madsen,,,30/10/2022
660,5637,Paolo Clerk,,,25/10/2022
661,98253,Leeland Danielsohn,,,30/10/2022
662,16342,Alexandro Giron,,,30/10/2022
663,27909,Royall Stace,26/10/2022,,
664,38718,Nels Cliss,,,27/10/2022
665,9794,Travers Gohn,,,25/10/2022
666,3941,Romeo Rowen,,Mon 24 Oct 2022,
667,3037,Gillan Odlin,,Sun 30 Oct 2022,
668,3548,Claudius Kretschmer,,Wed 26 Oct 2022,
669,26154,Elvira Bonham,,,30/10/2022
670,47615,Mina Lock,29/10/2022,,
671,8341,Alfie Hartop,,Tue 25 Oct 2022,
672,2572,Camel Dwyr,,,27/10/2022
673,889457,Tiffy Bloxsum,26/10/2022,,
674,8062,Eliot Herety,30/10/2022,,
675,4954,Gregorius Daniel,,,26/10/2022
676,721,Lynn Sayers,,Tue 25 Oct 2022,
677,838,Zebulen Skivington,,Mon 24 Oct 2022,
678,92967,Elliot Kruis,,,30/10/2022
679,687,Bradan Blunsden,,Sat 29 Oct 2022,
680,5692,Gaylene Coleyshaw,,,28/10/2022
681,479,Tasia Dene,,Thu 27 Oct 2022,
682,570,Olympie Pinnion,,Tue 25 Oct 2022,
683,9652,Devi Speakman,,Tue 25 Oct 2022,
684,6495,Jordana Capstick,,Tue 25 Oct 2022,
685,6445,Susy Grigoryov,,Sat 29 Oct 2022,
686,65932,Aldus Jiroutek,27/10/2022,,
687,94388,Edsel Rembaud,,,24/10/2022
688,56523,Warde Bridgement,26/10/2022,,
689,63,Cullan Thurlbeck,,Fri 28 Oct 2022,
690,359,Kelsey Speller,,Tue 25 Oct 2022,
691,9976,Reece Chaff,29/10/2022,,
692,28806,Early Jillett,29/10/2022,,
693,4875,Emmy Higford,,,28/10/2022
694,580,Kylynn Lydster,,Mon 24 Oct 2022,
695,6444,Abbie Witherspoon,,Sat 29 Oct 2022,
696,13593,Riannon Beane,26/10/2022,,
697,53247,Goldia Ingreda,,,27/10/2022
698,37630,Ula Bannell,26/10/2022,,
699,955,Brynne Cafferty,,Tue 25 Oct 2022,
700,476,Valentia Joao,,Sun 30 Oct 2022,
701,94066,Maury Buxey,26/10/2022,,
702,5488,Adora Thomazin,,Mon 24 Oct 2022,
703,71982,Wiley Laughtisse,27/10/2022,,
704,2416,Alan Dommersen,,,26/10/2022
705,19,Hoebart felip,,Sat 29 Oct 2022,
706,3970,Konstanze Scrimshaw,,,27/10/2022
707,6216,Roanne Mosdall,,Tue 25 Oct 2022,
708,69,Amandi Celiz,28/10/2022,,
709,8715,Violette Ionesco,,,25/10/2022
710,8292,Craggie Harries,,Sun 30 Oct 2022,
711,79,Stewart Ribou,,Tue 25 Oct 2022,
712,820,Carney Jacobowits,,Sun 30 Oct 2022,
713,88160,Fairfax O'Tierney,26/10/2022,,
714,6730,Abe Arnaut,,,25/10/2022
715,3566,Cristine McKelvey,,,25/10/2022
716,921478,Myranda Dene,27/10/2022,,
717,62390,Fey Bibby,27/10/2022,,
718,673,Galven Berkelay,,Mon 24 Oct 2022,
719,6226,Jo-anne Cleevely,,,30/10/2022
720,67145,Fleur Ruspine,24/10/2022,,
721,3182,Brittany MacGinney,,Fri 28 Oct 2022,
722,981662,Delphine Leghorn,28/10/2022,,
723,435,Marshall Fearn,,Thu 27 Oct 2022,
724,75464,Milissent Colls,27/10/2022,,
725,840,Tommy Laughlin,,Mon 24 Oct 2022,
726,225,Yetta Berriman,,Thu 27 Oct 2022,
727,664,Leah Rasper,,Fri 28 Oct 2022,
728,48870,Robena Gawke,27/10/2022,,
729,952,Marthena Wilsone,,Sat 29 Oct 2022,
730,35968,Michel Gilloran,26/10/2022,,
731,4174,Archibaldo Ridger,,,24/10/2022
732,7771,Libbi McLaughlan,,,27/10/2022
733,64755,Eulalie Housegoe,,,25/10/2022
734,9476,Margit Jiranek,,,26/10/2022
735,1343,Rhodie Drewitt,,Thu 27 Oct 2022,
736,309,Devy Balke,,Fri 28 Oct 2022,
737,44439,Roana Girardini,,,27/10/2022
738,90620,Shawnee Prickett,,,30/10/2022
739,77073,Karlyn Mabbutt,,,26/10/2022
740,4400,Robinet Symonds,,,26/10/2022
741,66,Boote Gradley,,Tue 25 Oct 2022,
742,47296,Joachim Pomfrey,27/10/2022,,
743,86499,Charisse Tewnion,,,27/10/2022
744,4409,Maurizio Nettleship,,Wed 26 Oct 2022,
745,54018,Bradford Perry,,,24/10/2022
746,25,Farris Myford,,,30/10/2022
747,56,Morena McGaughey,,Thu 27 Oct 2022,
748,56810,Alvin Skinner,29/10/2022,,
749,20374,Vincent Swafford,,,29/10/2022
750,3818,Noach Edmund,,Thu 27 Oct 2022,
751,75941,Jeff Moncaster,,,30/10/2022
752,807,Malcolm Marriott,,Fri 28 Oct 2022,
753,6688,Kinny Penberthy,,,24/10/2022
754,70583,Jazmin Lambkin,26/10/2022,,
755,35739,Justis Lowne,29/10/2022,,
756,63129,Brig Juggins,28/10/2022,,
757,582,Duffie Fielder,,Mon 24 Oct 2022,
758,4695,Nickie Kleinplac,,,27/10/2022
759,126,Paco Marfell,,Sun 30 Oct 2022,
760,728,Pammie Fogden,,Mon 24 Oct 2022,
761,140396,Masha Vasilyevski,30/10/2022,,
762,2289,Andra Birchill,,,30/10/2022
763,6550,Cori Littler,,,27/10/2022
764,337,Fey Cruft,,Thu 27 Oct 2022,
765,6563,Mable Carrett,,,27/10/2022
766,896,Javier Cairns,,,25/10/2022
767,8854,Cosette Athey,,Thu 27 Oct 2022,
768,4254,Prentiss Eyres,27/10/2022,,
769,2296,Jeni Ridewood,,,24/10/2022
770,11503,Dara Yurikov,27/10/2022,,
771,570,Launce Rimes,,Thu 27 Oct 2022,
772,155,Chrissie Tolfrey,,Wed 26 Oct 2022,
773,61434,Patton Towers,25/10/2022,,
774,4742,Darline Shynn,,,27/10/2022
775,564,Mano MacArthur,,Thu 27 Oct 2022,
776,177995,Nealon Tarbath,28/10/2022,,
777,8579,Guillema Swinney,,,28/10/2022
778,39053,Philippe Sawdy,25/10/2022,,
779,61725,Claudina Sweeny,26/10/2022,,
780,777,Tait Plenty,,Thu 27 Oct 2022,
781,426,Burnaby Kilminster,,,26/10/2022
782,149,Dalenna Nuzzi,,Tue 25 Oct 2022,
783,7776,Zita Ryde,29/10/2022,,
784,390,Elliot Mertsching,,,30/10/2022
785,279653,Rosita Muir,25/10/2022,,
786,77931,Bobbette Morot,29/10/2022,,
787,8507,Hillier Mar,27/10/2022,,
788,240910,Sigismund Glasscoo,29/10/2022,,
789,219456,Tibold Redihalgh,30/10/2022,,
790,29356,Mandy Griss,,,26/10/2022
791,2756,Ginger Portt,,,28/10/2022
792,6267,Perren Garm,,,26/10/2022
793,6040,Dom Beaves,,,28/10/2022
794,523511,Trey Doylend,29/10/2022,,
795,2067,Lacy Meletti,,,24/10/2022
796,72338,Bettina Klimochkin,,,29/10/2022
797,74498,Teddi Figurski,27/10/2022,,
798,4933,Dorice Wordesworth,26/10/2022,,
799,5301,Pierre Triggs,,,27/10/2022
800,478,Rusty Darker,,Sat 29 Oct 2022,
801,25389,Alameda Loder,,,30/10/2022
802,4291,Faulkner Etteridge,,,30/10/2022
803,3432,Sinclair Rolingson,,,28/10/2022
804,77102,Lonny Purvis,25/10/2022,,
805,9970,Sydney Strauss,27/10/2022,,
806,748,Kermie Cancott,,Tue 25 Oct 2022,
807,59435,Noll Ferron,,,24/10/2022
808,7813,Titus Livingstone,,Tue 25 Oct 2022,
809,3973,Raymund Aleksahkin,,,25/10/2022
810,29,Ardra Hoopper,,Mon 24 Oct 2022,
811,68380,Rockie Bancroft,25/10/2022,,
812,3118,Arielle Ogglebie,,,24/10/2022
813,399,Maegan Coghlin,,Mon 24 Oct 2022,
814,280,Conrade Hovie,,Wed 26 Oct 2022,
815,5703,Dari Raselles,28/10/2022,,
816,5602,Tilly Breazeall,,,26/10/2022
817,529,Boigie Crenage,,Sat 29 Oct 2022,
818,884,Marthe Broscombe,,Mon 24 Oct 2022,
819,9083,Malcolm McCahill,24/10/2022,,
820,4794,Almeda Panons,,,29/10/2022
821,55978,Sara-ann Keavy,,,29/10/2022
822,31735,Genny Emmott,28/10/2022,,
823,59039,Malvina Gautrey,29/10/2022,,
824,2517,Rodd Mulhall,,Sat 29 Oct 2022,
825,4129,Merola Neubigin,,,24/10/2022
826,9271,Lennard Browncey,,,27/10/2022
827,7468,Eula Harragin,,,25/10/2022
828,830,Alford Fassan,,Sun 30 Oct 2022,
829,6841,Sibilla Elden,,,29/10/2022
830,948761,Gillan McGlashan,29/10/2022,,
831,6223,Maureen Endrici,,,28/10/2022
832,28029,Ricky Simmonett,,,24/10/2022
833,828103,Orly Bonhome,26/10/2022,,
834,1580,Eli Kinglake,,Fri 28 Oct 2022,
835,24836,Ninon Vernall,29/10/2022,,
836,723,Farly Spendley,,Sat 29 Oct 2022,
837,21334,Renado Arnefield,,,25/10/2022
838,12552,Stacey Kneale,29/10/2022,,
839,13888,Annabal Hallum,,,29/10/2022
840,50996,Ryon Liddington,,,26/10/2022
841,18508,Iggy Davydkov,,,24/10/2022
842,96109,Berkley Buzza,,,26/10/2022
843,21,Kurtis Proudler,,Thu 27 Oct 2022,
844,552,Camala Wishart,,Sat 29 Oct 2022,
845,27118,Danit Babin,,,25/10/2022
846,69555,Arabel Skirlin,,,27/10/2022
847,7217,Merry Figliovanni,,,24/10/2022
848,16627,Adan Hyndes,,,24/10/2022
849,6462,Durante Adolfson,,Sun 30 Oct 2022,
850,13073,Hercule Marrison,26/10/2022,,
851,97956,Verina Lammerding,,,29/10/2022
852,3520,Harri Hedney,,,30/10/2022
853,3782,Stanton Neward,,Wed 26 Oct 2022,
854,1187,Hillyer Foulger,,Sat 29 Oct 2022,
855,945,Jeddy Wasbrough,,Mon 24 Oct 2022,
856,60144,Gabriella Hainey,28/10/2022,,
857,3402,Thea Desseine,,,29/10/2022
858,965,Dorine Bleakman,,Thu 27 Oct 2022,
859,265,Addy Rohmer,,Mon 24 Oct 2022,
860,27140,Zorine Rosebotham,26/10/2022,,
861,7630,Archambault Venart,,Fri 28 Oct 2022,
862,540,Delaney Sanday,,Mon 24 Oct 2022,
863,67681,Frasco Saunderson,30/10/2022,,
864,71875,Gerek Trussler,26/10/2022,,
865,288,Anthiathia Weeds,,Wed 26 Oct 2022,
866,388,Miranda Butner,,Tue 25 Oct 2022,
867,37792,Rebe Ottey,25/10/2022,,
868,7183,Rurik Titcom,,,25/10/2022
869,49956,Nikos Lyster,,,27/10/2022
870,381,Dillie Fulep,,Sat 29 Oct 2022,
871,5038,Celeste Owers,,,24/10/2022
872,176,Zorana Baldrick,,Sat 29 Oct 2022,
873,4660,Pearle Beche,,Wed 26 Oct 2022,
874,910,Zackariah Perren,,Mon 24 Oct 2022,
875,94002,Electra Iston,,,24/10/2022
876,27886,Bobbye O'Dee,27/10/2022,,
877,72107,Giorgia Petrelli,,,25/10/2022
878,440745,Magdaia Missenden,25/10/2022,,
879,835304,Imogen Mather,26/10/2022,,
880,85746,Imojean Louca,30/10/2022,,
881,208,Eunice Gabler,,Tue 25 Oct 2022,
882,5131,Peyton Ladlow,,,25/10/2022
883,6922,Cobb Kirkhouse,,Tue 25 Oct 2022,
884,9315,Mel Aistrop,,Wed 26 Oct 2022,
885,42323,Eduino Klawi,28/10/2022,,
886,394,Tris Antognazzi,,,25/10/2022
887,36913,Chrysler Vales,25/10/2022,,
888,24915,Maria Dillingham,24/10/2022,,
889,44213,Thomasa Francesconi,,,24/10/2022
890,9079,Consalve Barten,,Sat 29 Oct 2022,
891,53714,Karlee Amburgy,,,29/10/2022
892,56745,Ariella Jelliman,27/10/2022,,
893,21735,Ailey Halfpenny,,,26/10/2022
894,72808,Elvina Style,,,27/10/2022
895,9092,Mala Gladdifh,,Thu 27 Oct 2022,
896,2090,Darleen Spargo,,,29/10/2022
897,40206,Rockie Cuvley,27/10/2022,,
898,7980,Donaugh Hallex,,,26/10/2022
899,528364,Chelsey Awty,27/10/2022,,
900,10468,Cornall Bulcroft,,,29/10/2022
901,49196,Athene Falshaw,29/10/2022,,
902,658355,Dennis Brimblecombe,30/10/2022,,
903,5161,Aldon Hanbridge,,Wed 26 Oct 2022,
904,575833,Mill Svanini,29/10/2022,,
905,861223,Agustin Stirling,29/10/2022,,
906,36261,Shurlocke Jochanany,,,28/10/2022
907,51805,Ernesto Offield,,,24/10/2022
908,30937,Kenna Chrispin,,,27/10/2022
909,160,Johnny MacIver,,Tue 25 Oct 2022,
910,182,Moore Mauchlen,,Thu 27 Oct 2022,
911,7675,Corri Comello,,Thu 27 Oct 2022,
912,346650,Salli Witt,27/10/2022,,
913,9135,Elysee Flewan,,,28/10/2022
914,786,Aime Shears,,Sat 29 Oct 2022,
915,394,Jackqueline McHenry,,Wed 26 Oct 2022,
916,64613,Ramona Frewer,,,28/10/2022
917,525,Roselle Norgan,,Sat 29 Oct 2022,
918,51546,Cyrus Wearden,,,26/10/2022
919,318,Hurleigh Chstney,,,30/10/2022
920,6078,Noah Herley,,,30/10/2022
921,74055,Averell Martelet,,,27/10/2022
922,305,Carmelina Maccraw,,Mon 24 Oct 2022,
923,6828,Egon Radoux,,,28/10/2022
924,95420,Lem Occleshaw,28/10/2022,,
925,697,Yovonnda Degenhardt,,Mon 24 Oct 2022,
926,7970,Ladonna Weond,,,25/10/2022
927,646,Preston Cloutt,,Thu 27 Oct 2022,
928,997422,Di Siccombe,26/10/2022,,
929,14865,Rosene Chester,,,29/10/2022
930,862,Marya Paoletti,,Sat 29 Oct 2022,
931,920,Maddie Halfacree,,,28/10/2022
932,549,Dolph Bracchi,,Tue 25 Oct 2022,
933,8231,Kearney Prigg,,Sun 30 Oct 2022,
934,35966,Thaddeus Moulsdall,25/10/2022,,
935,83785,Rinaldo Hamprecht,,,28/10/2022
936,9786,Christalle Crippell,28/10/2022,,
937,20490,Esme Sey,27/10/2022,,
938,494,Sid Clerc,,Mon 24 Oct 2022,
939,645,Aile Edgworth,,Thu 27 Oct 2022,
940,38643,Kleon Gravenor,,,25/10/2022
941,76732,Zacharias Benyan,,,26/10/2022
942,88075,Pansy Glazzard,29/10/2022,,
943,8778,Dix Tunuy,,,24/10/2022
944,763,Salmon Daber,,Mon 24 Oct 2022,
945,845134,Sloan Pulman,25/10/2022,,
946,499457,Pepita McVittie,24/10/2022,,
947,58388,Alanson Pfeifer,,,26/10/2022
948,19373,Dayle Westnedge,,,28/10/2022
949,7519,Vite Maddigan,,,30/10/2022
950,5934,Joann Pomroy,,Fri 28 Oct 2022,
951,1405,Smith Dudeney,,,29/10/2022
952,3468,Fanny Bauldry,,Sat 29 Oct 2022,
953,772340,Fremont Totaro,29/10/2022,,
954,291,Sadye Gomer,,Thu 27 Oct 2022,
955,500952,Prescott Tatham,30/10/2022,,
956,72164,Josi Teasell,,,27/10/2022
957,52274,Elspeth Iliffe,28/10/2022,,
958,4944,Nevsa McVey,,,28/10/2022
959,33857,Kalil Murrish,,,27/10/2022
960,6064,Demetris Urridge,,,26/10/2022
961,91730,Hynda Giovanni,,,24/10/2022
962,54682,Wilhelm Borg,,,25/10/2022
963,6621,Kathryn Victory,,,25/10/2022
964,1031,Brucie Blanchard,,,27/10/2022
965,11633,Emmalee Batters,,,25/10/2022
966,6073,Lissie Sotham,,,29/10/2022
967,91147,Moreen Swanger,,,24/10/2022
968,2642,Beaufort Snelgrove,,,27/10/2022
969,468,Leanor Loncaster,,Sun 30 Oct 2022,
970,61202,Fae Fleckno,,,29/10/2022
971,43695,Sebastien Redington,29/10/2022,,
972,43692,Barbabra Wheway,30/10/2022,,
973,986340,Jorge Dignall,27/10/2022,,
974,91078,Saunders O'Hickey,29/10/2022,,
975,97735,Allix Concklin,24/10/2022,,
976,3437,Carter Abrahamoff,,,27/10/2022
977,9817,Michele Poli,,Sat 29 Oct 2022,
978,7054,Nerti Bousquet,,Sun 30 Oct 2022,
979,96107,Alissa Ciric,27/10/2022,,
980,3915,Chandal Tille,,Fri 28 Oct 2022,
981,71390,Major Hince,,,24/10/2022
982,226,Mara Furmonger,,Sat 29 Oct 2022,
983,52733,Kelli Horning,,,30/10/2022
984,45847,Fionnula Goldin,,,24/10/2022
985,29504,Jennie Lisimore,,,29/10/2022
986,7746,Maryann Delve,,,26/10/2022
987,775291,Gabrielle Gerry,28/10/2022,,
988,9749,Jacob Demko,,,28/10/2022
989,754,Isadora Despenser,,Tue 25 Oct 2022,
990,905,Veronica Monument,,,24/10/2022
991,83770,Meggi Blanchet,,,25/10/2022
992,70953,Marwin Troop,29/10/2022,,
993,36421,Peyton Dalrymple,26/10/2022,,
994,540,Suzanna Morhall,,Mon 24 Oct 2022,
995,82520,Constantine Corday,,,24/10/2022
996,7060,Dedie Ainley,,,28/10/2022
997,17921,Gran Sarle,,,29/10/2022
998,348,Odell Goldis,,Wed 26 Oct 2022,
999,2606,Katleen Jaggs,,,29/10/2022
