,Name,Phy,Mag,Fire,Ligh,Holy,CritBoost,Str,Dex,Int,Fai,Arc,Wgt,Skill,Category,category_url,last_updated
0,Dagger,74 35,- 20,- 20,- 20,- 20,130 15,5 D,9 C,- - ,- - ,- - ,1.5,3 Quickstep,Daggers,https://eldenring.wiki.fextralife.com/Daggers,15/08/2022
1,Parrying Dagger,75 35,- 20,- 20,- 20,- 20,110 15,5 E,14 C,- - ,- - ,- - ,1.5,- Kick,Daggers,https://eldenring.wiki.fextralife.com/Daggers,15/08/2022
2,Misericorde,92 36,- 21,- 21,- 21,- 21,140 15,7 E,12 D,- - ,- - ,- - ,2.0,3 Quickstep,Daggers,https://eldenring.wiki.fextralife.com/Daggers,15/08/2022
3,Great Knife,75 35,- 20,- 20,- 20,- 20,110 15,6 E,12 C,- - ,- - ,- - ,1.5,3 Quickstep,Daggers,https://eldenring.wiki.fextralife.com/Daggers,15/08/2022
4,Bloodstained Dagger,81 36,- 21,- 21,- 21,- 21,110 15,9 C,12 E,- - ,- - ,- - ,2.0,3 Quickstep,Daggers,https://eldenring.wiki.fextralife.com/Daggers,15/08/2022
5,Erdsteel Dagger,67 36,- 21,- 21,- 21,- 21,110 15,7 D,12 D,- - ,14 D,- - ,2.0,3 Quickstep,Daggers,https://eldenring.wiki.fextralife.com/Daggers,15/08/2022
6,Wakizashi,94 42,- 24,- 24,- 24,- 24,100 18,9 D,13 D,- - ,- - ,- - ,3.0,3 Quickstep,Daggers,https://eldenring.wiki.fextralife.com/Daggers,15/08/2022
7,Celebrant's Sickle,79 35,- 20,- 20,- 20,- 20,100 15,6 E,11 C,- - ,- - ,- - ,1.5,3 Quickstep,Daggers,https://eldenring.wiki.fextralife.com/Daggers,15/08/2022
8,Ivory Sickle,60 26,60 42,- 15,- 15,- 15,100 15,6 E,11 D,13 D,- - ,- - ,2.0,3 Quickstep,Daggers,https://eldenring.wiki.fextralife.com/Daggers,15/08/2022
9,Crystal Knife,82 32,53 31,- 18,- 18,- 18,100 15,8 D,12 D,9 D,- - ,- - ,2.0,3 Quickstep,Daggers,https://eldenring.wiki.fextralife.com/Daggers,15/08/2022
10,Scorpion's Stinger,79 38,- 22,- 22,- 22,- 22,110 16,6 D,12 C,- - ,- - ,- - ,2.5,7 Repeating Thrust,Daggers,https://eldenring.wiki.fextralife.com/Daggers,15/08/2022
11,Cinquedea,98 43,- 25,- 25,- 25,- 25,100 18,10 D,10 E,- - ,- - ,- - ,3.5,3 Quickstep,Daggers,https://eldenring.wiki.fextralife.com/Daggers,15/08/2022
12,Glintstone Kris,57 23,68 45,- 14,- 14,- 14,110 15,5 E,12 D,16 D,- - ,- - ,1.5,10 (- 4) Glintstone Dart,Daggers,https://eldenring.wiki.fextralife.com/Daggers,15/08/2022
13,Reduvia,79 38,- 22,- 22,- 22,- 22,110 16,5 E,13 D,- - ,- - ,13 D,2.5,6 (- 6) Reduvia Blood Blade,Daggers,https://eldenring.wiki.fextralife.com/Daggers,15/08/2022
14,Blade of Calling,71 31,- 18,- 18,- 18,43 30,110 15,6 D,13 D,- - ,15 C,- - ,1.5,20 Blade of Gold,Daggers,https://eldenring.wiki.fextralife.com/Daggers,15/08/2022
15,Black Knife,66 26,- 15,- 15,- 15,65 42,110 15,8 E,12 D,- - ,18 D,- - ,2.0,25 Blade of Death,Daggers,https://eldenring.wiki.fextralife.com/Daggers,15/08/2022
16,Short Sword,102 42,- 28,- 28,- 28,- 28,100 28,8 D,10 D,- - ,- - ,- - ,3.0,- Kick,Straight Swords,https://eldenring.wiki.fextralife.com/Straight+Swords,15/08/2022
17,Longsword,110 45,- 30,- 30,- 30,- 30,100 30,10 D,10 D,- - ,- - ,- - ,3.5,- (6 8) Square Off,Straight Swords,https://eldenring.wiki.fextralife.com/Straight+Swords,15/08/2022
18,Broadsword,117 47,- 31,- 31,- 31,- 31,100 31,10 D,10 E,- - ,- - ,- - ,4.0,- (6 8) Square Off,Straight Swords,https://eldenring.wiki.fextralife.com/Straight+Swords,15/08/2022
19,Weathered Straight Sword,103 43,- 29,- 29,- 29,- 29,100 27,7 D,10 D,- - ,- - ,- - ,3.0,- (6 8) Square Off,Straight Swords,https://eldenring.wiki.fextralife.com/Straight+Swords,15/08/2022
20,Lordsworn's Straight Sword,115 45,- 30,- 30,- 30,- 30,110 30,10 D,10 D,- - ,- - ,- - ,3.5,- (6 8) Square Off,Straight Swords,https://eldenring.wiki.fextralife.com/Straight+Swords,15/08/2022
21,Noble's Slender Sword,101 43,- 29,- 29,- 29,- 29,110 30,8 E,11 C,- - ,- - ,- - ,3.5,- (6 8) Square Off,Straight Swords,https://eldenring.wiki.fextralife.com/Straight+Swords,15/08/2022
22,Cane Sword,96 41,- 27,- 27,- 27,- 27,100 27,8 E,11 D,- - ,- - ,- - ,2.5,- (6 8) Square Off,Straight Swords,https://eldenring.wiki.fextralife.com/Straight+Swords,15/08/2022
23,Warhawk's Talon,101 42,- 28,- 28,- 28,- 28,100 30,10 D,16 C,- - ,- - ,- - ,3.0,6 (- 12) Spinning Slash,Straight Swords,https://eldenring.wiki.fextralife.com/Straight+Swords,15/08/2022
24,Lazuli Glintstone Sword,79 30,94 55,- 25,- 25,- 25,100 30,8 D,9 E,13 D,- - ,- - ,3.5,8 (- 4) Glintstone Pebble,Straight Swords,https://eldenring.wiki.fextralife.com/Straight+Swords,15/08/2022
25,Carian Knight's Sword,88 36,88 52,- 26,- 26,- 26,100 31,10 D,10 D,18 D,- - ,- - ,4.0,26 Carian Grandeur,Straight Swords,https://eldenring.wiki.fextralife.com/Straight+Swords,15/08/2022
26,Crystal Sword,106 44,68 44,- 30,- 30,- 30,100 33,13 D,10 E,15 D,- - ,- - ,4.5,6 (- 12) Spinning Slash,Straight Swords,https://eldenring.wiki.fextralife.com/Straight+Swords,15/08/2022
27,Rotten Crystal Sword,102 48,66 38,- 31,- 31,- 31,100 33,13 D,10 E,15 D,- - ,- - ,4.5,6 (- 12) Spinning Slash,Straight Swords,https://eldenring.wiki.fextralife.com/Straight+Swords,15/08/2022
28,Miquellan Knight's Sword,105 40,- 28,- 28,- 28,68 40,100 30,11 D,11 D,- - ,16 E,- - ,3.5,19 Sacred Blade,Straight Swords,https://eldenring.wiki.fextralife.com/Straight+Swords,15/08/2022
29,Ornamental Straight Sword,101 42,- 28,- 28,- 28,- 28,110 28,10 E,14 D,- - ,- - ,- - ,3.0,30 Golden Tempering,Straight Swords,https://eldenring.wiki.fextralife.com/Straight+Swords,15/08/2022
30,Golden Epitaph,85 25,- 15,- 15,- 15,85 40,100 30,12 D,10 D,- - ,14 D,- - ,3.5,25 Last Rites,Straight Swords,https://eldenring.wiki.fextralife.com/Straight+Swords,15/08/2022
31,Sword of St Trina,107 39,32 33,- 27,- 27,- 27,100 28,10 D,12 D,14 E,- - ,- - ,3.0,20 Mists of Slumber,Straight Swords,https://eldenring.wiki.fextralife.com/Straight+Swords,15/08/2022
32,Regalia of Eochaid,89 48,57 40,- 31,- 31,- 31,100 33,12 E,18 D,- - ,- - ,15 D,5.5,15 Eochaid's Dancing Blade,Straight Swords,https://eldenring.wiki.fextralife.com/Straight+Swords,15/08/2022
33,Coded Sword,- 13,- 22,- 22,- 22,85 58,100 27,- - ,- - ,- - ,20 B,- - ,2.5,25 Unblockable Blade,Straight Swords,https://eldenring.wiki.fextralife.com/Straight+Swords,15/08/2022
34,Sword of Night and Flame,87 36,56 42,56 42,- 26,- 26,100 31,12 E,12 E,24 D,24 D,- - ,4.0,- (26 32) Night- and- Flame Stance,Straight Swords,https://eldenring.wiki.fextralife.com/Straight+Swords,15/08/2022
35,Bastard Sword,138 65,- 35,- 35,- 35,- 35,100 42,16 D,10 D,- - ,- - ,- - ,9.0,5 (- 8) Stamp (Upward Cut),Greatswords,https://eldenring.wiki.fextralife.com/Greatswords,15/08/2022
36,Claymore,138 65,- 35,- 35,- 35,- 35,100 42,16 D,13 D,- - ,- - ,- - ,9.0,20 Lion's Claw,Greatswords,https://eldenring.wiki.fextralife.com/Greatswords,15/08/2022
37,Iron Greatsword,149 73,- 39,- 39,- 39,- 39,100 47,18 C,10 E,- - ,- - ,- - ,12.0,5 (- 8) Stamp (Upward Cut),Greatswords,https://eldenring.wiki.fextralife.com/Greatswords,15/08/2022
38,Lordsworn's Greatsword,136 65,- 35,- 35,- 35,- 35,110 42,16 D,10 D,- - ,- - ,- - ,9.0,5 (- 8) Stamp (Upward Cut),Greatswords,https://eldenring.wiki.fextralife.com/Greatswords,15/08/2022
39,Knight's Greatsword,141 68,- 36,- 36,- 36,- 36,100 44,16 D,12 D,- - ,- - ,- - ,10.0,5 (- 8) Stamp (Upward Cut),Greatswords,https://eldenring.wiki.fextralife.com/Greatswords,15/08/2022
40,Banished Knight's Greatsword,142 68,- 36,- 36,- 36,- 36,100 44,17 D,9 D,- - ,- - ,- - ,10.0,5 (- 8) Stamp (Upward Cut),Greatswords,https://eldenring.wiki.fextralife.com/Greatswords,15/08/2022
41,Forked Greatsword,124 61,- 33,- 33,- 33,- 33,100 39,14 D,16 D,- - ,- - ,- - ,9.0,5( - 8 ) Stamp (Upward Cut),Greatswords,https://eldenring.wiki.fextralife.com/Greatswords,15/08/2022
42,Flamberge,129 65,- 35,- 35,- 35,- 35,100 42,15 D,14 C,- - ,- - ,- - ,10.0,5 (- 8) Stamp (Upward Cut),Greatswords,https://eldenring.wiki.fextralife.com/Greatswords,15/08/2022
43,Gargoyle's Greatsword,133 71,- 38,- 38,- 38,- 38,100 46,18 C,10 E,- - ,- - ,- - ,11.5,18 Vacuum Slice,Greatswords,https://eldenring.wiki.fextralife.com/Greatswords,15/08/2022
44,Gargoyle's Blackblade,102 60,- 33,- 33,- 33,122 66,100 46,18 D,10 E,- - ,22 D,- - ,11.5,20 Corpse Wax Cutter,Greatswords,https://eldenring.wiki.fextralife.com/Greatswords,15/08/2022
45,Inseparable Sword,98 59,- 34,- 34,- 34,98 52,100 44,18 D,18 D,- - ,20 C,- - ,10.0,19 Sacred Blade,Greatswords,https://eldenring.wiki.fextralife.com/Greatswords,15/08/2022
46,Sword of Milos,141 68,- 36,- 36,- 36,- 36,100 44,15 D,19 D,- - ,- - ,- - ,10.0,30 Shriek of Milos,Greatswords,https://eldenring.wiki.fextralife.com/Greatswords,15/08/2022
47,Marais Executioner's Sword,94 68,61 49,- 36,- 36,- 36,100 46,24 C,14 E,- - ,- - ,23 D,11.5,15 Eochaid's Dancing Blade,Greatswords,https://eldenring.wiki.fextralife.com/Greatswords,15/08/2022
48,Ordovis's Greatsword,107 69,- 37,- 37,- 37,69 50,100 47,25 C,13 E,- - ,15 D,- - ,12.0,15 Ordovis's Vortex,Greatswords,https://eldenring.wiki.fextralife.com/Greatswords,15/08/2022
49,Alabaster Lord's Sword,128 56,38 33,- 27,- 27,- 27,100 39,16 D,12 E,18 D,- - ,- - ,8.0,15 Alabaster Lords' Pull,Greatswords,https://eldenring.wiki.fextralife.com/Greatswords,15/08/2022
50,Death's Poker,123 60,36 39,- 33,- 33,- 33,100 39,15 D,17 D,11 E,- - ,- - ,8.5,15 (10 10) Ghostflame Ignition,Greatswords,https://eldenring.wiki.fextralife.com/Greatswords,15/08/2022
51,Helphen's Steeple,101 66,101 60,- 33,- 33,- 33,100 46,19 D,10 E,22 D,- - ,- - ,11.5,20 Ruinous Ghostflame,Greatswords,https://eldenring.wiki.fextralife.com/Greatswords,15/08/2022
52,Blasphemous Blade,121 72,- 39,78 54,- 39,- 39,100 50,22 D,15 D,- - ,21 D,- - ,13.5,30 Taker's Flames,Greatswords,https://eldenring.wiki.fextralife.com/Greatswords,15/08/2022
53,Golden Order Greatsword,86 55,- 30,- 30,- 30,103 60,100 42,16 E,21 D,- - ,28 C,- - ,10.0,20 (- 20) Establish Order,Greatswords,https://eldenring.wiki.fextralife.com/Greatswords,15/08/2022
54,Dark Moon Greatsword,82 57,98 63,- 31,- 31,- 31,100 44,16 D,11 D,38 C,- - ,- - ,10.0,40 Moonlight Greatsword,Greatswords,https://eldenring.wiki.fextralife.com/Greatswords,15/08/2022
55,Sacred Relic Sword,118 62,- 33,- 33,- 33,76 45,110 42,14 E,24 D,- - ,22 D,- - ,11.0,50 Wave of Gold,Greatswords,https://eldenring.wiki.fextralife.com/Greatswords,15/08/2022
56,Zweihander,141 67,- 40,- 40,- 40,- 40,100 45,19 D,11 D,- - ,- - ,- - ,15.5,5 (- 8) Stamp (Upward Cut),Colossal Swords,https://eldenring.wiki.fextralife.com/Colossal+Swords,15/08/2022
57,Greatsword,164 84,- 50,- 50,- 50,- 50,100 56,31 C,12 E,- - ,- - ,- - ,23.0,5 (- 8) Stamp (Upward Cut),Colossal Swords,https://eldenring.wiki.fextralife.com/Colossal+Swords,15/08/2022
58,Watchdog's Greatsword,142 82,- 49,- 49,- 49,- 49,100 55,30 C,10 E,- - ,- - ,- - ,22.0,5 (- 8) Stamp (Upward Cut),Colossal Swords,https://eldenring.wiki.fextralife.com/Colossal+Swords,15/08/2022
59,Troll's Golden Sword,155 76,- 46,- 46,- 46,- 46,100 51,29 D,10 D,- - ,- - ,- - ,19.0,22 Troll's Roar,Colossal Swords,https://eldenring.wiki.fextralife.com/Colossal+Swords,15/08/2022
60,Troll Knight's Sword,124 70,80 55,- 43,- 43,- 43,100 50,20 D,14 D,18 D,- - ,- - ,18.0,22 Troll's Roar,Colossal Swords,https://eldenring.wiki.fextralife.com/Colossal+Swords,15/08/2022
61,Royal Greatsword,112 71,134 63,- 44,- 44,- 44,100 52,26 D,18 E,22 D,- - ,- - ,20.0,20 Wolf's Assault,Colossal Swords,https://eldenring.wiki.fextralife.com/Colossal+Swords,15/08/2022
62,Grafted Blade Greatsword,162 80,- 48,- 48,- 48,- 48,100 53,40 C,14 E,- - ,- - ,- - ,21.0,20 Oath of Vengeance,Colossal Swords,https://eldenring.wiki.fextralife.com/Colossal+Swords,15/08/2022
63,Ruins Greatsword,124 82,37 56,- 50,- 50,- 50,100 56,50 B,- - ,16 E,- - ,- - ,23.0,25 Wave of Destruction,Colossal Swords,https://eldenring.wiki.fextralife.com/Colossal+Swords,15/08/2022
64,Starscourge Greatsword,129 65,83 47,- 34,- 34,- 34,100 52,38 D,12 D,15 E,- - ,- - ,20.0,20 (- 20) Starcaller Cry,Colossal Swords,https://eldenring.wiki.fextralife.com/Colossal+Swords,15/08/2022
65,Godslayer's Greatsword,119 63,- 38,77 49,- 38,- 38,100 45,20 D,22 D,- - ,20 D,- - ,17.5,15 (- 15) The Queen's Black Flame,Colossal Swords,https://eldenring.wiki.fextralife.com/Colossal+Swords,15/08/2022
66,Maliketh's Black Blade,127 68,- 36,- 36,- 36,82 49,100 55,34 D,12 E,- - ,20 D,- - ,22.0,40 Destined Death,Colossal Swords,https://eldenring.wiki.fextralife.com/Colossal+Swords,15/08/2022
67,Scimitar,106 40,- 30,- 30,- 30,- 30,100 25,7 D,13 D,- - ,- - ,- - ,3.0,6 (- 12) Spinning Slash,Curved Swords,https://eldenring.wiki.fextralife.com/Curved+Swords,15/08/2022
68,Falchion,109 42,- 31,- 31,- 31,- 31,100 26,9 D,13 D,- - ,- - ,- - ,3.5,6 ( - 12) Spinning Slash,Curved Swords,https://eldenring.wiki.fextralife.com/Curved+Swords,15/08/2022
69,Shamshir,108 42,- 31,- 31,- 31,- 31,100 28,7 D,13 D,- - ,- - ,- - ,3.5,6 ( - 12) Spinning Slash,Curved Swords,https://eldenring.wiki.fextralife.com/Curved+Swords,15/08/2022
70,Grossmesser,115 46,- 34,- 34,- 34,- 34,100 28,14 D,12 D,- - ,- - ,- - ,4.5,6 ( - 12) Spinning Slash,Curved Swords,https://eldenring.wiki.fextralife.com/Curved+Swords,15/08/2022
71,Bandit's Curved Sword,118 48,- 36,- 36,- 36,- 36,100 30,11 D,13 D,- - ,- - ,- - ,5.0,6 ( - 12) Spinning Slash,Curved Swords,https://eldenring.wiki.fextralife.com/Curved+Swords,15/08/2022
72,Shotel,96 37,- 27,- 27,- 27,- 27,100 22,9 E,19 D,- - ,- - ,- - ,2.0,6 ( - 12) Spinning Slash,Curved Swords,https://eldenring.wiki.fextralife.com/Curved+Swords,15/08/2022
73,Scavenger's Curved Sword,105 40,- 30,- 30,- 30,- 30,100 25,9 D,14 D,- - ,- - ,- - ,3.5,6 ( - 12) Spinning Slash,Curved Swords,https://eldenring.wiki.fextralife.com/Curved+Swords,15/08/2022
74,Mantis Blade,112 44,- 33,- 33,- 33,- 33,100 27,10 D,12 D,- - ,- - ,- - ,4.0,6 ( - 12) Spinning Slash,Curved Swords,https://eldenring.wiki.fextralife.com/Curved+Swords,15/08/2022
75,Beastman's Curved Sword,113 44,- 33,- 33,- 33,- 33,100 27,13 C,11 E,- - ,- - ,- - ,4.0,6 ( - 12) Spinning Slash,Curved Swords,https://eldenring.wiki.fextralife.com/Curved+Swords,15/08/2022
76,Flowing Curved Sword,109 42,- 31,- 31,- 31,- 31,100 26,9 D,17 D,- - ,- - ,- - ,3.5,6 ( - 12) Spinning Slash,Curved Swords,https://eldenring.wiki.fextralife.com/Curved+Swords,15/08/2022
77,Serpent-God's Curved Sword,113 44,- 33,- 33,- 33,- 33,100 27,13 D,9 E,- - ,- - ,- - ,4.0,6 ( - 12) Spinning Slash,Curved Swords,https://eldenring.wiki.fextralife.com/Curved+Swords,15/08/2022
78,Magma Blade,96 44,- 30,62 44,- 30,- 30,100 27,9 D,15 D,- - ,16 D,- - ,4.0,12 Magma Shower,Curved Swords,https://eldenring.wiki.fextralife.com/Curved+Swords,15/08/2022
79,Nox Flowing Sword,112 40,- 30,- 30,- 30,- 30,100 25,8 E,15 D,- - ,- - ,- - ,3.5,9 Flowing Form,Curved Swords,https://eldenring.wiki.fextralife.com/Curved+Swords,15/08/2022
80,Wing of Astel,65 28,78 52,- 23,- 23,- 23,100 23,7 E,17 D,20 D,- - ,- - ,2.5,2.5 Nebula,Curved Swords,https://eldenring.wiki.fextralife.com/Curved+Swords,15/08/2022
81,Eclipse Shotel,77 35,- 25,- 25,- 25,77 50,100 25,10 E,25 D,- - ,30 D,- - ,3.0,16 ( - 16) Death Flare,Curved Swords,https://eldenring.wiki.fextralife.com/Curved+Swords,15/08/2022
82,Rapier,96 45,- 30,- 30,- 30,- 30,130 20,7 E,12 C,- - ,- - ,- - ,2.5,14 Impaling Thrust,Thrusting Swords,https://eldenring.wiki.fextralife.com/Thrusting+Swords,15/08/2022
83,Estoc,107 54,- 36,- 36,- 36,- 36,100 24,11 E,13 C,- - ,- - ,- - ,4.5,14 Impaling Thrust,Thrusting Swords,https://eldenring.wiki.fextralife.com/Thrusting+Swords,15/08/2022
84,Noble's Estoc,104 49,- 33,- 33,- 33,- 33,100 22,9 D,10 D,- - ,- - ,- - ,3.5,9 Impaling Thrust,Thrusting Swords,https://eldenring.wiki.fextralife.com/Thrusting+Swords,15/08/2022
85,Cleanrot Knight's Sword,109 51,- 34,- 34,- 34,- 34,100 23,11 D,13 D,- - ,- - ,- - ,4.0,13 Impaling Thrust,Thrusting Swords,https://eldenring.wiki.fextralife.com/Thrusting+Swords,15/08/2022
86,Rogier's Rapier,93 49,- 33,- 33,- 33,- 33,110 22,8 E,17 C,- - ,- - ,- - ,3.5,7 Repeating Thrust,Thrusting Swords,https://eldenring.wiki.fextralife.com/Thrusting+Swords,15/08/2022
87,Antspur Rapier,98 47,- 31,- 31,- 31,- 31,100 25,10 D,20 D,- - ,- - ,- - ,3.0,14 Impaling Thrust,Thrusting Swords,https://eldenring.wiki.fextralife.com/Thrusting+Swords,15/08/2022
88,Frozen Needle,99 40,- 40,- 28,- 28,- 28,100 20,11 E,18 D,- - ,- - ,- - ,2.5,14 Impaling Thrust,Thrusting Swords,https://eldenring.wiki.fextralife.com/Thrusting+Swords,15/08/2022
89,Great Epee,124 52,- 36,- 36,- 36,- 36,100 31,15 D,16 D,- - ,- - ,- - ,6.5,9 Impaling Thrust,Heavy Thrusting Swords,https://eldenring.wiki.fextralife.com/Heavy+Thrusting+Swords,15/08/2022
90,Godskin Stitcher,127 55,- 38,- 38,- 38,- 38,100 33,14 D,17 D,- - ,- - ,- - ,7.0,9 Impaling Thrust,Heavy Thrusting Swords,https://eldenring.wiki.fextralife.com/Heavy+Thrusting+Swords,15/08/2022
91,Bloody Helice,121 57,- 40,- 40,- 40,- 40,100 34,16 E,19 D,- - ,- - ,17 D,8.0,5 ( - 7) Dynast's Finesse,Heavy Thrusting Swords,https://eldenring.wiki.fextralife.com/Heavy+Thrusting+Swords,15/08/2022
92,Dragon King's Cragblade,92 46,0 32,0 32,59 46,0 32,100 34,18 E,37 D,- - ,- - ,- - ,8.0,35 Thundercloud Form,Heavy Thrusting Swords,https://eldenring.wiki.fextralife.com/Heavy+Thrusting+Swords,15/08/2022
93,Dismounter,138 65,- 35,- 35,- 35,- 35,100 42,19 D,16 D,- - ,- - ,- - ,10.0,6 ( - 12) Spinning Slash,Curved Greatswords,https://eldenring.wiki.fextralife.com/Curved+Greatswords,15/08/2022
94,Omen Cleaver,142 68,- 36,- 36,- 36,- 36,100 44,19 D,16 D,- - ,- - ,- - ,11.5,6 ( - 12) Spinning Slash,Curved Greatswords,https://eldenring.wiki.fextralife.com/Curved+Greatswords,15/08/2022
95,Monk's Flameblade,134 61,- 33,- 33,- 33,- 33,100 39,18 D,18 D,- - ,- - ,- - ,9.0,6 ( - 12) Spinning Slash,Curved Greatswords,https://eldenring.wiki.fextralife.com/Curved+Greatswords,15/08/2022
96,Beastman's Cleaver,143 81,- 43,- 43,- 43,- 43,100 52,25 C,14 - ,- - ,- - ,- - ,16.5,6 (- 12) Spinning Slash,Curved Greatswords,https://eldenring.wiki.fextralife.com/Curved+Greatswords,15/08/2022
97,Bloodhound's Fang,141 68,- 36,- 36,- 36,- 36,100 44,18 D,17 C,- - ,- - ,- - ,11.5,8 ( - 12) Bloodhound's Finesse,Curved Greatswords,https://eldenring.wiki.fextralife.com/Curved+Greatswords,15/08/2022
98,Onyx Lord's Greatsword,118 57,76 42,- 29,- 29,- 29,100 44,20 D,16 E,16 D,- - ,- - ,11.5,27 Onyx Lord's Repulsion,Curved Greatswords,https://eldenring.wiki.fextralife.com/Curved+Greatswords,15/08/2022
99,Zamor Curved Sword,125 61,- 33,- 33,- 33,- 33,100 39,16 D,18 D,- - ,- - ,- - ,9.0,15 Zamor Ice Storm,Curved Greatswords,https://eldenring.wiki.fextralife.com/Curved+Greatswords,15/08/2022
100,Magma Wyrm's Scalesword,114 66,- 33,74 48,- 33,- 33,100 50,24 C,15 D,- - ,18 D,- - ,15.0,20 ( - 10) Magma Guillotine,Curved Greatswords,https://eldenring.wiki.fextralife.com/Curved+Greatswords,15/08/2022
101,Morgott's Cursed Sword,120 55,- 29,- 29,- 29,- 29,110 35,14 E,35 C,- - ,- - ,17 D,7.5,20 (- 20) Cursed- Blood Slice,Curved Greatswords,https://eldenring.wiki.fextralife.com/Curved+Greatswords,15/08/2022
102,Uchigatana,115 45,- 30,- 30,- 30,- 30,100 30,11 D,15 D,- - ,- - ,- - ,5.5,10 Unsheathe,Katanas,https://eldenring.wiki.fextralife.com/Katanas,15/08/2022
103,Nagakiba,115 49,- 33,- 33,- 33,- 33,100 33,18 D,22 C,- - ,- - ,- - ,7.0,16 Piercing Fang,Katanas,https://eldenring.wiki.fextralife.com/Katanas,15/08/2022
104,Serpentbone Blade,120 45,- 30,- 30,- 30,- 30,100 30,11 E,22 C,- - ,- - ,- - ,6.0,6 ( - 3) Double Slash,Katanas,https://eldenring.wiki.fextralife.com/Katanas,15/08/2022
105,Meteoric Ore Blade,112 50,72 45,- 31,- 31,- 31,100 33,15 D,14 E,18 D,- - ,- - ,7.5,13 Gravitas,Katanas,https://eldenring.wiki.fextralife.com/Katanas,15/08/2022
106,Moonveil,73 31,87 57,- 26,- 26,- 26,100 31,12 E,18 D,23 C,- - ,- - ,6.5,6.5 Transient Moonlight,Katanas,https://eldenring.wiki.fextralife.com/Katanas,15/08/2022
107,Rivers of Blood,76 36,- 26,76 52,- 26,- 26,100 31,12 E,18 D,- - ,- - ,20 D,6.5,17 ( - 9) Corpse Piler,Katanas,https://eldenring.wiki.fextralife.com/Katanas,15/08/2022
108,Dragonscale Blade,110 35,- 25,- 25,- 50,- 25,100 30,12 D,20 C,- - ,- - ,- - ,5.5,25 Ice Lightning Sword,Katanas,https://eldenring.wiki.fextralife.com/Katanas,15/08/2022
109,Hand of Malenia,117 49,- 33,- 33,- 33,- 33,100 33,16 E,48 C,- - ,- - ,- - ,7.0,9 ( - 7) Waterfowl Dance,Katanas,https://eldenring.wiki.fextralife.com/Katanas,15/08/2022
110,Twinblade,119 45,- 30,- 30,- 30,- 30,100 30,10 D,18 D,- - ,- - ,- - ,7.0,6 (- 12) Spinning Slash,Twinblades,https://eldenring.wiki.fextralife.com/Twinblades,15/08/2022
111,Twinned Knight Swords,122 47,- 31,- 31,- 31,- 31,100 31,16 D,18 E,- - ,- - ,- - ,8.0,6 (- 12) Spinning Slash,Twinblades,https://eldenring.wiki.fextralife.com/Twinblades,15/08/2022
112,Godskin Peeler,121 47,- 31,- 31,- 31,- 31,100 31,17 E,22 C,- - ,- - ,- - ,8.0,30 Black Flame Tornado,Twinblades,https://eldenring.wiki.fextralife.com/Twinblades,15/08/2022
113,Gargoyle's Twinblade,123 48,- 32,- 32,- 32,- 32,100 32,18 C,15 E,- - ,- - ,- - ,8.5,6 ( - 12) Spinning Slash,Twinblades,https://eldenring.wiki.fextralife.com/Twinblades,15/08/2022
114,Gargoyle's Black Blades,81 32,- 26,- 26,- 26,97 59,100 32,18 C,15 E,- - ,22 D,- - ,8.5,6 ( - 12) Spinning Slash,Twinblades,https://eldenring.wiki.fextralife.com/Twinblades,15/08/2022
115,Eleonora's Poleblade,72 33,- 23,72 47,- 23,- 23,100 28,12 E,21 D,- - ,- - ,19 D,6.0,11( - 6) Bloodblade Dance,Twinblades,https://eldenring.wiki.fextralife.com/Twinblades,15/08/2022
116,Hand Axe,113 42,- 28,- 28,- 28,- 28,100 28,9 D,8 D,- - ,- - ,- - ,3.5,3 Quickstep,Axes,https://eldenring.wiki.fextralife.com/Axes,15/08/2022
117,Forked Hatchet,101 40,- 27,- 27,- 27,- 27,100 27,9 D,14 D,- - ,- - ,- - ,2.5,3 Quickstep,Axes,https://eldenring.wiki.fextralife.com/Axes,15/08/2022
118,Battle Axe,123 47,- 31,- 31,- 31,- 31,100 31,12 D,8 D,- - ,- - ,- - ,4.5,1 (6 10) Wild Strikes,Axes,https://eldenring.wiki.fextralife.com/Axes,15/08/2022
119,Warped Axe,118 56,- 37,- 37,- 37,- 37,100 43,24 C,8 - ,- - ,- - ,- - ,7.5,16 War Cry,Axes,https://eldenring.wiki.fextralife.com/Axes,15/08/2022
120,Jawbone Axe,124 49,- 33,- 33,- 33,- 33,100 36,14 D,8 E,- - ,- - ,- - ,5.5,1 ( 6 10) Wild Strikes,Axes,https://eldenring.wiki.fextralife.com/Axes,15/08/2022
121,Iron Cleaver,120 51,- 34,- 34,- 34,- 34,100 34,15 C,7 E,- - ,- - ,- - ,6.0,1 (6 10) Wild Strikes,Axes,https://eldenring.wiki.fextralife.com/Axes,15/08/2022
122,Highland Axe,123 47,- 31,- 31,- 31,- 31,110 31,12 D,9 D,- - ,- - ,- - ,4.5,16 War Cry,Axes,https://eldenring.wiki.fextralife.com/Axes,15/08/2022
123,Celebrant's Cleaver,119 47,- 31,- 31,- 31,- 31,100 33,12 D,8 D,- - ,- - ,- - ,4.5,2 (10 15) Wild Strikes,Axes,https://eldenring.wiki.fextralife.com/Axes,15/08/2022
124,Sacrificial Axe,128 49,0 33,0 33,0 33,0 33,100 33,16 D,10 D,- - ,- - ,- - ,5.5,2 (10 15) Wild Strikes,Axes,https://eldenring.wiki.fextralife.com/Axes,15/08/2022
125,Icerind Hatchet,111 40,- 27,- 27,- 27,- 27,100 27,11 E,16 D,- - ,- - ,- - ,3.0,10 Hoarfrost Stomp,Axes,https://eldenring.wiki.fextralife.com/Axes,15/08/2022
126,Ripple Blade,70 47,- 31,- 31,- 31,- 31,100 31,11 - ,11 - ,- - ,- - ,20 A,4.5,2 (10 15) Wild Strikes,Axes,https://eldenring.wiki.fextralife.com/Axes,15/08/2022
127,Stormhawk Axe,130 49,- 33,- 33,- 33,- 33,100 31,19 D,15 D,- - ,- - ,- - ,5.5,19 ( - 12) Thunderstorm,Axes,https://eldenring.wiki.fextralife.com/Axes,15/08/2022
128,Rosus' Axe,106 44,68 44,- 30,- 30,- 30,100 33,18 D,10 E,18 D,- - ,- - ,5.5,15 Rosus's Summons,Axes,https://eldenring.wiki.fextralife.com/Axes,15/08/2022
129,Greataxe,151 69,- 37,- 37,- 37,- 37,100 45,30 D,8 D,- - ,- - ,- - ,13.0,16 Barbaric Roar,Greataxes,https://eldenring.wiki.fextralife.com/Greataxes,15/08/2022
130,Crescent Moon Axe,146 68,- 36,- 36,- 36,- 36,100 44,25 D,15 D,- - ,- - ,- - ,12.5,16 War Cry,Greataxes,https://eldenring.wiki.fextralife.com/Greataxes,15/08/2022
131,Longhaft Axe,146 68,- 36,- 36,- 36,- 36,100 44,24 D,8 D,- - ,- - ,- - ,12.5,12 War Cry,Greataxes,https://eldenring.wiki.fextralife.com/Greataxes,15/08/2022
132,Executioner's Greataxe,150 74,- 40,- 40,- 40,- 40,115 48,34 C,8 E,- - ,- - ,- - ,15.0,16 War Cry,Greataxes,https://eldenring.wiki.fextralife.com/Greataxes,15/08/2022
133,Great Omenkiller Cleaver,142 63,- 33,- 33,- 33,- 45,100 42,23 D,12 D,- - ,- - ,- - ,11.0,2 (10 15) Wild Strike,Greataxes,https://eldenring.wiki.fextralife.com/Greataxes,15/08/2022
134,Rusted Anchor,147 68,- 36,- 36,- 36,- 36,100 44,26 C,9 E,- - ,- - ,- - ,12.5,16 Barbaric Roar,Greataxes,https://eldenring.wiki.fextralife.com/Greataxes,15/08/2022
135,Butchering Knife,134 58,- 31,- 31,- 31,- 31,100 37,16 E,20 C,- - ,- - ,- - ,8.5,16 Barbaric Roar,Greataxes,https://eldenring.wiki.fextralife.com/Greataxes,15/08/2022
136,Gargoyle's Great Axe,123 58,- 31,- 31,- 31,- 31,100 37,24 C,8 E,- - ,- - ,- - ,8.5,16 War Cry,Greataxes,https://eldenring.wiki.fextralife.com/Greataxes,15/08/2022
137,Gargoyle's Black Axe,100 49,- 27,- 27,- 27,120 54,100 37,24 D,8 E,- - ,22 D,- - ,8.5,16 War Cry,Greataxes,https://eldenring.wiki.fextralife.com/Greataxes,15/08/2022
138,Winged Greathorn,130 65,- 35,- 35,- 35,- 35,100 42,30 D,20 D,- - ,- - ,- - ,11.0,12 Soul Stifler,Greataxes,https://eldenring.wiki.fextralife.com/Greataxes,15/08/2022
139,Axe of Godrick,142 65,- 35,- 35,- 35,- 35,100 42,34 D,22 D,- - ,- - ,- - ,11.0,"15 (- 15) I Command Thee, Kneel!",Greataxes,https://eldenring.wiki.fextralife.com/Greataxes,15/08/2022
140,Club,103 41,- 27,- 27,- 27,- 27,100 27,10 C,- - ,- - ,- - ,- - ,5.0,16 Barbaric Roar,Hammers,https://eldenring.wiki.fextralife.com/Hammers,15/08/2022
141,Curved Club,114 45,0 30,0 30,0 30,0 30,100 30,11 D,7 E,- - ,- - ,- - ,5.0,16 Barbaric Roar,Hammers,https://eldenring.wiki.fextralife.com/Hammers,15/08/2022
142,Spiked Club,114 45,- 30,- 30,- 30,- 30,100 30,12 D,7 D,- - ,- - ,- - ,5.0,16 Barbaric Roar,Hammers,https://eldenring.wiki.fextralife.com/Hammers,15/08/2022
143,Stone Club,122 52,0 35,0 35,0 35,0 35,100 36,16 C,8 E,- - ,- - ,- - ,7.0,- Kick,Hammers,https://eldenring.wiki.fextralife.com/Hammers,15/08/2022
144,Mace,115 45,- 30,- 30,- 30,- 30,100 30,12 D,7 D,- - ,- - ,- - ,4.5,- Kick,Hammers,https://eldenring.wiki.fextralife.com/Hammers,15/08/2022
145,Morning Star,118 47,- 31,- 31,- 31,- 31,100 31,12 D,8 D,- - ,- - ,- - ,5.0,- Kick,Hammers,https://eldenring.wiki.fextralife.com/Hammers,15/08/2022
146,Warpick,108 40,- 27,- 27,- 27,- 27,100 27,11 D,9 D,- - ,- - ,- - ,2.5,- Kick,Hammers,https://eldenring.wiki.fextralife.com/Hammers,15/08/2022
147,Hammer,124 51,- 34,- 34,- 34,- 34,100 36,14 D,7 D,- - ,- - ,- - ,6.5,- Kick,Hammers,https://eldenring.wiki.fextralife.com/Hammers,15/08/2022
148,Monk's Flamemace,126 49,- 33,- 33,- 33,- 33,100 33,13 E,13 D,- - ,- - ,- - ,6.0,- Kick,Hammers,https://eldenring.wiki.fextralife.com/Hammers,15/08/2022
149,Varre's Bouquet,46 38,0 25,0 25,0 25,0 25,100 25,8 E,16 D,- - ,- - ,24 C,2.0,14 Blood Tax,Hammers,https://eldenring.wiki.fextralife.com/Hammers,15/08/2022
150,Envoy's Horn,96 38,- 26,- 26,- 26,62 38,100 28,10 D,12 D,- - ,16 D,- - ,4.0,6 Oracular Bubble,Hammers,https://eldenring.wiki.fextralife.com/Hammers,15/08/2022
151,Nox Flowing Hammer,122 51,0 34,0 34,0 34,0 34,100 34,17 B,7 D,- - ,- - ,- - ,6.5,16 Flowing Form,Hammers,https://eldenring.wiki.fextralife.com/Hammers,15/08/2022
152,Ringed Finger,121 38,- 26,- 26,- 26,- 38,100 28,15 D,9 D,- - ,- - ,- - ,4.5,14 Claw Flick,Hammers,https://eldenring.wiki.fextralife.com/Hammers,15/08/2022
153,Scepter of the All- Knowing,99 36,64 36,- 25,- 25,- 25,100 27,12 E,18 D,21 D,- - ,- - ,4.5,35 Knowledge Above All,Hammers,https://eldenring.wiki.fextralife.com/Hammers,15/08/2022
154,Marika's Hammer,101 44,0 30,0 30,0 30,65 44,100 33,20 D,12 D,- - ,19 D,- - ,6.0,31 Gold Breaker,Hammers,https://eldenring.wiki.fextralife.com/Hammers,15/08/2022
155,Flail,109 36,- 24,- 24,- 24,- 24,100 20,10 D,18 D,- - ,- - ,- - ,5.0,8 (8 10) Spinning Chain,Flails,https://eldenring.wiki.fextralife.com/Flails,15/08/2022
156,Nightrider Flail,112 37,- 25,- 25,- 25,- 25,100 21,10 E,24 C,- - ,- - ,- - ,6.0,8 ( 8 10) Spinning Chain,Flails,https://eldenring.wiki.fextralife.com/Flails,15/08/2022
157,Chainlink Flail,109 43,- 28,- 28,- 28,- 28,100 24,18 C,12 E,- - ,- - ,- - ,8.0,8 ( 8 10) Spinning Chain,Flails,https://eldenring.wiki.fextralife.com/Flails,15/08/2022
158,Family Heads,87 37,56 36,- 26,- 26,- 26,100 20,8 E,18 C,16 E,- - ,- - ,5.5,25 Familial Rancor,Flails,https://eldenring.wiki.fextralife.com/Flails,15/08/2022
159,Bastard's Stars,65 32,78 48,- 24,- 24,- 24,100 20,8 E,22 D,22 C,- - ,- - ,5.5,25 Nebula,Flails,https://eldenring.wiki.fextralife.com/Flails,15/08/2022
160,Large Club,131 60,- 32,- 32,- 32,- 32,100 38,22 C,- - ,- - ,- - ,- - ,8.5,16 Barbaric Roar,Great Hammers,https://eldenring.wiki.fextralife.com/Great+Hammers,15/08/2022
161,Curved Great Club,145 68,- 36,- 36,- 36,- 36,100 44,24 D,10 D,- - ,- - ,- - ,10.0,FP 16 Barbaric Roar,Great Hammers,https://eldenring.wiki.fextralife.com/Great+Hammers,15/08/2022
162,Great Mace,134 71,- 38,- 38,- 38,- 38,100 46,28 C,- - ,- - ,- - ,- - ,11.5,9 Endure,Great Hammers,https://eldenring.wiki.fextralife.com/Great+Hammers,15/08/2022
163,Pickaxe,144 68,- 36,- 36,- 36,- 36,100 44,22 D,10 D,- - ,- - ,- - ,10.0,9Endure,Great Hammers,https://eldenring.wiki.fextralife.com/Great+Hammers,15/08/2022
164,Brick Hammer,122 74,- 40,- 40,- 40,- 40,100 48,31 B,- - ,- - ,- - ,- - ,12.5,16 Barbaric Roar,Great Hammers,https://eldenring.wiki.fextralife.com/Great+Hammers,15/08/2022
165,Battle Hammer,131 68,- 36,- 36,- 36,- 36,100 44,26 C,8 E,- - ,- - ,- - ,10.0,16 Braggart's Roar,Great Hammers,https://eldenring.wiki.fextralife.com/Great+Hammers,15/08/2022
166,Rotten Battle Hammer,126 68,- 36,- 36,- 36,- 36,100 44,26 C,8 E,- - ,- - ,- - ,10.0,16 Braggart's Roar,Great Hammers,https://eldenring.wiki.fextralife.com/Great+Hammers,15/08/2022
167,Celebrant's Skull,138 63,- 34,- 34,- 34,- 34,100 40,18 E,12 D,- - ,- - ,- - ,8.5,FP 16 Barbaric Roar,Great Hammers,https://eldenring.wiki.fextralife.com/Great+Hammers,15/08/2022
168,Great Stars,135 68,- 36,- 36,- 36,- 36,100 44,22 D,12 D,- - ,- - ,- - ,10.0,9 Endure,Great Hammers,https://eldenring.wiki.fextralife.com/Great+Hammers,15/08/2022
169,Greathorn Hammer,134 65,- 35,- 35,- 35,- 35,100 42,22 D,10 D,- - ,- - ,- - ,10.0,16 Barbaric Roar,Great Hammers,https://eldenring.wiki.fextralife.com/Great+Hammers,15/08/2022
170,Envoy's Long Horn,120 58,- 31,- 31,- 31,78 42,100 39,23 D,11 D,- - ,18 D,- - ,9.5,12 Bubble Shower,Great Hammers,https://eldenring.wiki.fextralife.com/Great+Hammers,15/08/2022
171,Cranial Vessel Candlestand,98 71,- 37,98 51,- 37,- 37,100 48,26 D,8 E,- - ,22 D,- - ,12.5,15 (- 15) Surge of Faith,Great Hammers,https://eldenring.wiki.fextralife.com/Great+Hammers,15/08/2022
172,Beastclaw Greathammer,116 62,- 33,- 33,- 33,- 33,100 42,20 D,10 D,- - ,18 D,- - ,9.0,20 Regal Beastclaw,Great Hammers,https://eldenring.wiki.fextralife.com/Great+Hammers,15/08/2022
173,Devourer's Scepter,112 62,- 33,69 45,- 33,- 33,100 42,24 D,20 D,- - ,25 D,- - ,11.5,35 Devourer of Worlds,Great Hammers,https://eldenring.wiki.fextralife.com/Great+Hammers,15/08/2022
174,Duelist Greataxe,170 78,- 47,- 47,- 47,- 47,100 52,30 E,10 D,- - ,- - ,- - ,20.0,9 Endure,Colossal Weapons,https://eldenring.wiki.fextralife.com/Colossal+Weapons,15/08/2022
175,Rotten Greataxe,162 78,- 47,- 47,- 47,- 47,100 52,30 E,10 D,- - ,- - ,- - ,20.0,9 Endure,Colossal Weapons,https://eldenring.wiki.fextralife.com/Colossal+Weapons,15/08/2022
176,Golem's Halberd,158 75,- 45,- 45,- 45,- 45,100 50,36 D,14 D,- - ,- - ,- - ,21.5,16 Charge Forth,Colossal Weapons,https://eldenring.wiki.fextralife.com/Colossal+Weapons,15/08/2022
177,Giant-Crusher,155 88,- 52,- 52,- 52,- 52,100 58,60 C,- - ,- - ,- - ,- - ,26.5,9 Endure,Colossal Weapons,https://eldenring.wiki.fextralife.com/Colossal+Weapons,15/08/2022
178,Prelate's Inferno Crozier,156 82,- 49,- 49,- 49,- 49,100 55,45 C,8 E,- - ,- - ,- - ,23.5,20 Prelate's Charge,Colossal Weapons,https://eldenring.wiki.fextralife.com/Colossal+Weapons,15/08/2022
179,Great Club,154 71,- 42,- 42,- 42,- 42,100 47,35 C,- - ,- - ,- - ,- - ,17.0,16 ( - 5) Golden Land,Colossal Weapons,https://eldenring.wiki.fextralife.com/Colossal+Weapons,15/08/2022
180,Troll's Hammer,153 66,- 41,45 46,- 41,- 41,100 46,28 C,8 E,- - ,10 D,- - ,16.0,22 Troll's Roar,Colossal Weapons,https://eldenring.wiki.fextralife.com/Colossal+Weapons,15/08/2022
181,Dragon Greatclaw,120 66,- 40,- 40,78 52,- 40,100 47,30 D,14 D,- - ,- - ,- - ,16.0,9 Endure,Colossal Weapons,https://eldenring.wiki.fextralife.com/Colossal+Weapons,15/08/2022
182,Watchdog's Staff,165 75,- 45,- 45,- 45,- 45,100 50,34 D,10 D,- - ,- - ,- - ,19.0,15 Sorcery of the Crozier,Colossal Weapons,https://eldenring.wiki.fextralife.com/Colossal+Weapons,15/08/2022
183,Staff of the Avatar,113 73,- 45,- 45,- 45,73 57,100 52,34 C,8 E,- - ,24 D,- - ,20.0,19 Erdtree Slam,Colossal Weapons,https://eldenring.wiki.fextralife.com/Colossal+Weapons,15/08/2022
184,Rotten Staff,165 75,- 45,- 45,- 45,- 45,100 50,34 D,8 E,- - ,- - ,- - ,18.0,19 Erdtree Slam,Colossal Weapons,https://eldenring.wiki.fextralife.com/Colossal+Weapons,15/08/2022
185,Envoy's Greathorn,121 70,- 43,- 43,- 43,78 55,100 50,28 D,12 D,- - ,24 E,- - ,19.5,28 Great Oracular Bubble,Colossal Weapons,https://eldenring.wiki.fextralife.com/Colossal+Weapons,15/08/2022
186,Ghiza's Wheel,156 73,- 43,- 43,- 43,- 43,100 48,28 D,18 D,- - ,- - ,- - ,19.0,4 Spinning Wheel,Colossal Weapons,https://eldenring.wiki.fextralife.com/Colossal+Weapons,15/08/2022
187,Fallingstar Beast Jaw,131 70,85 55,- 43,- 43,- 43,100 50,34 D,12 D,20 E,- - ,- - ,21.5,13 (- 13) Gravity Bolt,Colossal Weapons,https://eldenring.wiki.fextralife.com/Colossal+Weapons,15/08/2022
188,Axe of Godfrey,165 75,- 45,- 45,- 45,- 45,100 50,42 D,14 D,- - ,- - ,- - ,18.0,25 Regal Roar,Colossal Weapons,https://eldenring.wiki.fextralife.com/Colossal+Weapons,15/08/2022
189,Short Spear,112 40,- 25,- 25,- 25,- 25,100 30,10 D,10 D,- - ,- - ,- - ,4.0,- Kick,Spears,https://eldenring.wiki.fextralife.com/Spears,15/08/2022
190,Iron Spear,114 42,- 26,- 26,- 26,- 26,100 31,13 D,11 D,- - ,- - ,- - ,4.5,16 Charge Forth,Spears,https://eldenring.wiki.fextralife.com/Spears,15/08/2022
191,Spear,114 42,- 26,- 26,- 26,- 26,100 31,12 E,15 C,- - ,- - ,- - ,4.5,9 Impaling Thrust,Spears,https://eldenring.wiki.fextralife.com/Spears,15/08/2022
192,Partisan,123 48,- 30,- 30,- 30,- 30,100 36,15 D,12 D,- - ,- - ,- - ,6.5,- Kick,Spears,https://eldenring.wiki.fextralife.com/Spears,15/08/2022
193,Pike,115 53,- 33,- 33,- 33,- 33,100 39,20 D,14 D,- - ,- - ,- - ,7.5,16 Charge Forth,Spears,https://eldenring.wiki.fextralife.com/Spears,15/08/2022
194,Spiked Spear,120 46,- 28,- 28,- 28,- 28,100 34,14 D,16 D,- - ,- - ,- - ,6.0,9 Impaling Thrust,Spears,https://eldenring.wiki.fextralife.com/Spears,15/08/2022
195,Cross-Naginata,122 52,- 32,- 32,- 32,- 32,100 39,16 D,20 C,- - ,- - ,- - ,8.0,9 Impaling Thrust,Spears,https://eldenring.wiki.fextralife.com/Spears,15/08/2022
196,Clayman's Harpoon,99 49,64 38,- 25,- 25,- 25,100 33,12 D,10 E,12 D,- - ,- - ,5.5,9 Impaling Thrust,Spears,https://eldenring.wiki.fextralife.com/Spears,15/08/2022
197,Celebrant's Rib- Rake,109 40,- 25,- 25,- 25,- 25,100 33,8 E,14 D,- - ,- - ,- - ,5.0,Barbaric Roar,Spears,https://eldenring.wiki.fextralife.com/Spears,15/08/2022
198,Torchpole,104 48,- 26,31 33,- 26,- 26,100 34,14 D,15 E,- - ,- - ,- - ,6.0,16 Charge Forth,Spears,https://eldenring.wiki.fextralife.com/Spears,15/08/2022
199,Inquisitor's Girandole,102 56,- 28,66 43,- 28,- 28,100 37,18 D,15 D,- - ,16 D,- - ,7.5,16 Charge Forth,Spears,https://eldenring.wiki.fextralife.com/Spears,15/08/2022
200,Crystal Spear,110 48,33 33,- 26,- 26,- 26,100 33,10 E,16 D,16 E,- - ,- - ,5.5,Impaling Thrust,Spears,https://eldenring.wiki.fextralife.com/Spears,15/08/2022
201,Rotten Crystal Spear,104 48,31 33,- 26,- 26,- 26,100 33,10 E,16 D,16 E,- - ,- - ,5.5,16 Charge Forth,Spears,https://eldenring.wiki.fextralife.com/Spears,15/08/2022
202,Cleanrot Spear,102 49,- 25,- 25,- 25,66 38,100 33,16 D,16 D,- - ,14 D,- - ,5.5,12 Sacred Phalanx,Spears,https://eldenring.wiki.fextralife.com/Spears,15/08/2022
203,Death Ritual Spear,99 54,64 42,- 27,- 27,- 27,110 36,14 E,20 D,18 D,- - ,- - ,6.5,20 Spearcall Ritual,Spears,https://eldenring.wiki.fextralife.com/Spears,15/08/2022
204,Bolt of Gransax,98 60,- 31,- 31,63 47,- 31,100 40,20 D,40 D,- - ,- - ,- - ,8.5,35 Ancient Lightning Spear,Spears,https://eldenring.wiki.fextralife.com/Spears,15/08/2022
205,Lance,123 57,- 36,- 36,- 36,- 36,100 44,20 D,14 D,- - ,- - ,- - ,9.0,13 Charge Forth,Great Spears,https://eldenring.wiki.fextralife.com/Great+Spears,15/08/2022
206,Treespear,122 55,- 35,- 35,- 35,79 48,100 45,15 D,22 D,- - ,18 D,- - ,9.5,18 Sacred Order,Great Spears,https://eldenring.wiki.fextralife.com/Great+Spears,15/08/2022
207,Serpent-Hunter,111 72,- 42,- 42,- 42,- 42,100 50,- B,- E,- - ,- - ,- - ,12.0,15 Great-Serpent Hunt,Great Spears,https://eldenring.wiki.fextralife.com/Great+Spears,15/08/2022
208,Siluria's Tree,90 51,- 36,- 36,- 36,90 55,100 46,27 D,13 E,- - ,20 D,- - ,10.0,25 Siluria's Woe,Great Spears,https://eldenring.wiki.fextralife.com/Great+Spears,15/08/2022
209,Vyke's War Spear,103 52,- 33,66 45,- 33,- 33,100 42,16 E,20 C,- - ,18 D,- - ,8.0,22 Frenzyflame Thrust,Great Spears,https://eldenring.wiki.fextralife.com/Great+Spears,15/08/2022
210,Mohgwyn's Sacred Spear,96 57,- 38,62 38,- 38,- 38,100 46,24 D,14 E,- - ,- - ,27 D,10.0,20 (- 20) Bloodboon Ritual,Great Spears,https://eldenring.wiki.fextralife.com/Great+Spears,15/08/2022
211,Halberd,125 55,- 35,- 35,- 35,- 35,100 42,14 D,12 D,- - ,- - ,- - ,8.0,16 Charge Forth,Halberds,https://eldenring.wiki.fextralife.com/Halberds,15/08/2022
212,Banished Knight's Halberd,125 55,- 35,- 35,- 35,- 35,100 42,14 D,12 D,- - ,- - ,- - ,8.0,16 Charge Forth,Halberds,https://eldenring.wiki.fextralife.com/Halberds,15/08/2022
213,Lucerne,121 52,- 33,- 33,- 33,- 33,100 39,15 D,12 C,- - ,- - ,- - ,7.0,16 Charge Forth,Halberds,https://eldenring.wiki.fextralife.com/Halberds,15/08/2022
214,Glaive,132 60,- 38,- 38,- 38,- 38,100 46,18 D,15 D,- - ,- - ,- - ,10.0,6 Spinning Slash,Halberds,https://eldenring.wiki.fextralife.com/Halberds,15/08/2022
215,Vulgar Militia Shotel,121 55,0 35,0 35,0 35,0 35,0 42,14 E,16 C,- - ,- - ,- - ,8.0,6 ( - 12) Spinning Slash,Halberds,https://eldenring.wiki.fextralife.com/Halberds,15/08/2022
216,Vulgar Militia Saw,126 55,0 35,0 35,0 35,0 35,100 42,15 D,13 D,- - ,- - ,- - ,8.0,Spinning Slash,Halberds,https://eldenring.wiki.fextralife.com/Halberds,15/08/2022
217,Guardian's Swordspear,139 57,- 36,- 36,- 36,- 36,100 44,17 E,16 C,- - ,- - ,- - ,9.0,6 ( - 12) Spinning Slash,Halberds,https://eldenring.wiki.fextralife.com/Halberds,15/08/2022
218,Gargoyle's Halberd,131 66,- 42,- 42,- 42,- 42,100 50,26 C,10 E,- - ,- - ,- - ,12.0,6 ( - 12) Spinning Slash,Halberds,https://eldenring.wiki.fextralife.com/Halberds,15/08/2022
219,Gargoyle's Black Halberd,103 54,- 36,- 36,- 36,123 72,100 50,26 C,10 E,- - ,22 D,- - ,12.0,6 (- 12) Spinning Slash,Halberds,https://eldenring.wiki.fextralife.com/Halberds,15/08/2022
220,Nightrider Glaive,129 66,- 42,- 42,- 42,- 42,100 50,26 C,10 E,- - ,- - ,- - ,12.0,6 ( - 12) Spinning Slash,Halberds,https://eldenring.wiki.fextralife.com/Halberds,15/08/2022
221,Pest's Glaive,120 52,- 33,- 33,- 33,- 33,100 39,13 D,13 D,- - ,- - ,- - ,7.0,6 ( - 12) Spinning Slash,Halberds,https://eldenring.wiki.fextralife.com/Halberds,15/08/2022
222,Ripple Crescent Halberd,86 56,- 35,- 35,- 35,- 35,100 43,12 - ,12 - ,- - ,- - ,20 B,8.5,6 ( - 12) Spinning Slash,Halberds,https://eldenring.wiki.fextralife.com/Halberds,15/08/2022
223,Golden Halberd,134 65,- 41,- 41,- 41,87 56,100 52,30 D,14 E,- - ,12 D,- - ,13.5,40 Golden Vow,Halberds,https://eldenring.wiki.fextralife.com/Halberds,15/08/2022
224,Dragon Halberd,135 58,- 37,- 37,- 50,- 37,100 47,22 D,10 D,- - ,- - ,- - ,10.5,17 ( - 11) Spinning Slash,Halberds,https://eldenring.wiki.fextralife.com/Halberds,15/08/2022
225,Loretta's War Sickle,110 57,71 49,- 36,- 36,- 36,100 46,20 D,15 D,20 D,- - ,- - ,10.0,14 Loretta's Slash,Halberds,https://eldenring.wiki.fextralife.com/Halberds,15/08/2022
226,Commander's Standard,138 64,0 41,0 41,0 41,0 41,100 49,24 D,14 D,- - ,- - ,- - ,11.5,30 Rallying Standard,Halberds,https://eldenring.wiki.fextralife.com/Halberds,15/08/2022
227,Scythe,125 45,- 30,- 30,- 30,- 30,100 30,14 E,14 C,- - ,- - ,- - ,7.5,6 ( - 12) Spinning Slash,Reapers,https://eldenring.wiki.fextralife.com/Reapers,15/08/2022
228,Grave Scythe,144 49,- 33,- 33,- 33,- 33,100 33,17 D,13 D,- - ,- - ,- - ,9.5,6 ( - 12) Spinning Slash,Reapers,https://eldenring.wiki.fextralife.com/Reapers,15/08/2022
229,Halo Scythe,118 42,- 29,- 29,- 29,76 42,100 31,13 D,16 D,- - ,15 E,- - ,8.5,11 ( - 11) Miquella's Ring of Light,Reapers,https://eldenring.wiki.fextralife.com/Reapers,15/08/2022
230,Winged Scythe,87 30,- 25,- 25,- 25,104 55,100 30,16 E,16 D,- - ,24 D,- - ,7.5,17 Angel's Wings,Reapers,https://eldenring.wiki.fextralife.com/Reapers,15/08/2022
231,Whip,100 25,- 15,- 15,- 15,- 15,100 15,8 D,14 D,- - ,- - ,- - ,2.0,- Kick,Whips,https://eldenring.wiki.fextralife.com/Whips,15/08/2022
232,Thorned Whip,102 26,- 15,- 15,- 15,- 15,100 15,8 E,16 C,- - ,- - ,- - ,2.5,- Kick,Whips,https://eldenring.wiki.fextralife.com/Whips,15/08/2022
233,Urumi,101 27,- 16,- 16,- 16,- 16,100 15,10 E,19 C,- - ,- - ,- - ,3.0,- Kick,Whips,https://eldenring.wiki.fextralife.com/Whips,15/08/2022
234,Hoslow's Petal Whip,110 28,- 17,- 17,- 17,- 17,100 17,10 D,20 D,- - ,- - ,- - ,3.5,- Kick,Whips,https://eldenring.wiki.fextralife.com/Whips,15/08/2022
235,Magma Whip Candlestick,72 21,- 10,72 36,- 10,- 10,100 15,8 E,16 D,- - ,18 D,- - ,2.5,5 (- 5) Sea of Magma,Whips,https://eldenring.wiki.fextralife.com/Whips,15/08/2022
236,Giant's Red Braid,82 24,- 12,53 26,- 12,- 12,100 15,18 D,12 D,- - ,21 D,- - ,2.5,25 Flame Dance,Whips,https://eldenring.wiki.fextralife.com/Whips,15/08/2022
237,Caestus,90 35,- 20,- 20,- 20,- 20,100 20,8 D,8 D,- - ,- - ,- - ,1.5,9 Endure,Fists,https://eldenring.wiki.fextralife.com/Fists,15/08/2022
238,Spiked Caestus,91 35,- 20,- 20,- 20,- 20,100 20,8 D,10 D,- - ,- - ,- - ,2.0,9 Endure,Fists,https://eldenring.wiki.fextralife.com/Fists,15/08/2022
239,Katar,97 36,- 21,- 21,- 21,- 21,110 21,8 D,10 D,- - ,- - ,- - ,2.5,14 Impaling Thrust,Fists,https://eldenring.wiki.fextralife.com/Fists,15/08/2022
240,Iron Ball,101 38,0 22,0 22,0 22,0 22,100 22,11 D,8 E,- - ,- - ,- - ,2.5,16 Endure (has Braggart's Roar equipped),Fists,https://eldenring.wiki.fextralife.com/Fists,15/08/2022
241,Star Fist,105 41,0 23,0 23,0 23,0 23,0 23,12 D,8 E,- - ,- - ,- - ,3.0,9 Endure,Fists,https://eldenring.wiki.fextralife.com/Fists,15/08/2022
242,Clinging Bone,80 31,24 36,0 17,0 17,0 17,100 21,8 E,22 C,- - ,- - ,16 D,3.0,14 Lifesteal Fist,Fists,https://eldenring.wiki.fextralife.com/Fists,15/08/2022
243,Veteran's Prosthesis,83 30,0 20,0 20,53 48,0 20,100 24,15 D,12 D,- - ,- - ,- - ,4.0,15 Storm Kick,Fists,https://eldenring.wiki.fextralife.com/Fists,15/08/2022
244,Cipher Pata,0 9,0 14,0 14,0 14,85 61,100 19,- - ,- - ,- - ,30 C,- - ,0.0,17 Unblockable Blade,Fists,https://eldenring.wiki.fextralife.com/Fists,15/08/2022
245,Grafted Dragon,89 27,- 18,57 44,- 18,- 18,100 22,20 D,14 D,- - ,16 D,- - ,2.5,20 Bear Witness!,Fists,https://eldenring.wiki.fextralife.com/Fists,15/08/2022
246,Hookclaws,89 35,- 20,- 20,- 20,- 20,110 20,8 E,14 C,- - ,- - ,- - ,2.0,3 Quickstep,Claws,https://eldenring.wiki.fextralife.com/Claws,15/08/2022
247,Bloodhound Claws,94 38,- 22,- 22,- 22,- 22,110 22,10 D,15 D,- - ,- - ,- - ,3.0,5 Bloodhound's Step,Claws,https://eldenring.wiki.fextralife.com/Claws,15/08/2022
248,Venomous Fang,92 36,- 21,- 21,- 21,- 21,100 19,9 D,9 D,- - ,- - ,- - ,2.5,3 Quickstep,Claws,https://eldenring.wiki.fextralife.com/Claws,15/08/2022
249,Raptor Talons,83 33,- 19,- 19,- 19,- 19,110 19,6 E,14 C,- - ,- - ,- - ,1.5,3 Quickstep,Claws,https://eldenring.wiki.fextralife.com/Claws,15/08/2022
250,Torch,54 21,- 15,97 25,- 15,- 15,100 19,5 D,5 D,- - ,- - ,- - ,1.5,- Kick,Torches,https://eldenring.wiki.fextralife.com/Torches,15/08/2022
251,Beast-Repellent Torch,58 23,- 17,104 28,- 17,- 17,100 19,12 C,8 E,- - ,- - ,- - ,2.5,- (- ) Torch Attack,Torches,https://eldenring.wiki.fextralife.com/Torches,15/08/2022
252,Steel-Wire Torch,61 25,- 18,109 30,- 18,- 18,100 19,10 D,8 C,- - ,- - ,- - ,2.5,8 Firebreather,Torches,https://eldenring.wiki.fextralife.com/Torches,15/08/2022
253,Sentry's Torch,56 30,- 21,- 21,- 21,100 36,100 22,15 D,8 E,- - ,15 D,- - ,5.0,- Kick,Torches,https://eldenring.wiki.fextralife.com/Torches,15/08/2022
254,Ghostflame Torch,50 21,90 42,- 13,- 13,- 13,100 19,10 E,10 E,14 D,- - ,- - ,2.5,- Kick,Torches,https://eldenring.wiki.fextralife.com/Torches,15/08/2022
255,St Trina's Torch,51 25,- 15,91 40,- 15,- 15,100 20,10 E,10 D,- - ,14 D,- - ,3.0,15 Fires of Slumber,Torches,https://eldenring.wiki.fextralife.com/Torches,15/08/2022
